{
  "batch_size": 1024,
  "n_samples": 500000,
  "dim": 6,
  "dataset": "gaussian",
  "gaussian_params": {
    "dim": 6,
    "mu_mc": [
      1.0,
      0.0,
      -0.5,
      0.5,
      -1.0,
      0.3
    ],
    "mu_true": [
      0.8,
      0.1,
      -0.6,
      0.7,
      -0.8,
      0.1
    ],
    "sigma_mc": [
      [
        1.0,
        0.07,
        0.22,
        -0.24,
        0.0,
        0.0
      ],
      [
        0.07,
        0.49,
        0.0,
        -0.112,
        0.252,
        0.098
      ],
      [
        0.22,
        0.0,
        1.21,
        0.088,
        -0.264,
        0.462
      ],
      [
        -0.24,
        -0.112,
        0.088,
        0.64,
        0.096,
        0.0
      ],
      [
        0.0,
        0.252,
        -0.264,
        0.096,
        1.44,
        1.176
      ],
      [
        0.0,
        0.098,
        0.462,
        0.0,
        1.176,
        1.96
      ]
    ],
    "sigma_true": [
      [
        0.64,
        0.0,
        0.16,
        -0.096,
        0.08,
        0.0
      ],
      [
        0.0,
        0.36,
        0.0,
        -0.036,
        0.12,
        0.0
      ],
      [
        0.16,
        0.0,
        1.0,
        0.0,
        -0.3,
        0.44
      ],
      [
        -0.096,
        -0.036,
        0.0,
        0.36,
        0.12,
        0.0
      ],
      [
        0.08,
        0.12,
        -0.3,
        0.12,
        1.0,
        0.55
      ],
      [
        0.0,
        0.0,
        0.44,
        0.0,
        0.55,
        1.21
      ]
    ],
    "sigma_detector": [
      [
        0.16000000000000003,
        0.0,
        0.0,
        0.0,
        0.0,
        0.0
      ],
      [
        0.0,
        0.25,
        0.0,
        0.0,
        0.0,
        0.0
      ],
      [
        0.0,
        0.0,
        0.36,
        0.0,
        0.0,
        0.0
      ],
      [
        0.0,
        0.0,
        0.0,
        0.09,
        0.0,
        0.0
      ],
      [
        0.0,
        0.0,
        0.0,
        0.0,
        0.16000000000000003,
        0.0
      ],
      [
        0.0,
        0.0,
        0.0,
        0.0,
        0.0,
        0.16000000000000003
      ]
    ]
  }
}