{
  "detector_dim_0": {
    "wasserstein_before": 0.49555727643036074,
    "wasserstein_after": 0.02166530956563349,
    "wasserstein_improvement_pct": 95.62809172701593,
    "jensenshannon_before": 0.027415965552577595,
    "jensenshannon_after": 0.0006425837177434435,
    "jensenshannon_improvement_pct": 97.65616966321645,
    "triangular_before": 106.05035798726284,
    "triangular_after": 2.4293623598780782,
    "triangular_improvement_pct": 97.70923700213265
  },
  "particle_dim_0": {
    "wasserstein_before": 0.49497562617212015,
    "wasserstein_after": 0.04538668492690788,
    "wasserstein_improvement_pct": 90.83052123638804,
    "jensenshannon_before": 0.035092617750133455,
    "jensenshannon_after": 0.008662188572762273,
    "jensenshannon_improvement_pct": 75.3162085700223,
    "triangular_before": 134.29214504815891,
    "triangular_after": 34.03524885765387,
    "triangular_improvement_pct": 74.6558156134535
  },
  "detector_dim_1": {
    "wasserstein_before": 0.49438903936338374,
    "wasserstein_after": 0.01565338407503319,
    "wasserstein_improvement_pct": 96.83379225089824,
    "jensenshannon_before": 0.027527825718280986,
    "jensenshannon_after": 0.0008290028526720583,
    "jensenshannon_improvement_pct": 96.98849134996694,
    "triangular_before": 106.2975938729089,
    "triangular_after": 3.1626006001100837,
    "triangular_improvement_pct": 97.02476746191326
  },
  "particle_dim_1": {
    "wasserstein_before": 0.49456926667753454,
    "wasserstein_after": 0.04262773457760304,
    "wasserstein_improvement_pct": 91.38083632572405,
    "jensenshannon_before": 0.03519542068374216,
    "jensenshannon_after": 0.007663359230902985,
    "jensenshannon_improvement_pct": 78.22626045654023,
    "triangular_before": 134.645083410127,
    "triangular_after": 30.238820665512442,
    "triangular_improvement_pct": 77.54183078976197
  }
}