{
  "detector_dim_0": {
    "wasserstein_before": 0.17241651992616935,
    "wasserstein_after": 0.14159180866467527,
    "wasserstein_improvement_pct": 17.878049780086947,
    "jensenshannon_before": 0.015669777497508527,
    "jensenshannon_after": 0.01190763591247994,
    "jensenshannon_improvement_pct": 24.00890239588126
  },
  "detector_dim_1": {
    "wasserstein_before": 0.2812272703707006,
    "wasserstein_after": 0.23547087571715264,
    "wasserstein_improvement_pct": 16.27025522568777,
    "jensenshannon_before": 0.01888729248866345,
    "jensenshannon_after": 0.016524319706389193,
    "jensenshannon_improvement_pct": 12.510913269821833
  },
  "particle_dim_0": {
    "wasserstein_before": 0.19189793564212787,
    "wasserstein_after": 0.15557311174326274,
    "wasserstein_improvement_pct": 18.9292416186319,
    "jensenshannon_before": 0.022195878426243657,
    "jensenshannon_after": 0.016746470395171235,
    "jensenshannon_improvement_pct": 24.551441156882646
  },
  "particle_dim_1": {
    "wasserstein_before": 0.22631864371134286,
    "wasserstein_after": 0.1765004187930023,
    "wasserstein_improvement_pct": 22.01242641851504,
    "jensenshannon_before": 0.012681411479729466,
    "jensenshannon_after": 0.009644872686364516,
    "jensenshannon_improvement_pct": 23.944801398635228
  }
}