{
  "detector_dim_0": {
    "wasserstein_before": 0.5020437906379908,
    "wasserstein_after": 0.01859392445212814,
    "wasserstein_improvement_pct": 96.29635406335785,
    "jensenshannon_before": 0.02851655439395329,
    "jensenshannon_after": 0.0009195440803605227,
    "jensenshannon_improvement_pct": 96.77540256912839,
    "triangular_before": 109.82289716433715,
    "triangular_after": 3.355003127849098,
    "triangular_improvement_pct": 96.94507865438231
  },
  "particle_dim_0": {
    "wasserstein_before": 0.5006556744272284,
    "wasserstein_after": 0.04636847991262598,
    "wasserstein_improvement_pct": 90.73844914158347,
    "jensenshannon_before": 0.036345910198484106,
    "jensenshannon_after": 0.008430740297246279,
    "jensenshannon_improvement_pct": 76.80415691557532,
    "triangular_before": 138.72094256150586,
    "triangular_after": 32.900117490746936,
    "triangular_improvement_pct": 76.28323677503867
  },
  "detector_dim_1": {
    "wasserstein_before": 0.4952300336133269,
    "wasserstein_after": 0.015425927791639484,
    "wasserstein_improvement_pct": 96.88509849067756,
    "jensenshannon_before": 0.027435172034684333,
    "jensenshannon_after": 0.0005673331893700631,
    "jensenshannon_improvement_pct": 97.93209538233322,
    "triangular_before": 106.11245945833862,
    "triangular_after": 2.1160675638320634,
    "triangular_improvement_pct": 98.0058255414739
  },
  "particle_dim_1": {
    "wasserstein_before": 0.49774528412947605,
    "wasserstein_after": 0.04310303447897676,
    "wasserstein_improvement_pct": 91.34034297193571,
    "jensenshannon_before": 0.035464478426584706,
    "jensenshannon_after": 0.0076225349359805615,
    "jensenshannon_improvement_pct": 78.50656410537651,
    "triangular_before": 135.7248952335863,
    "triangular_after": 29.907149272355948,
    "triangular_improvement_pct": 77.96487577250664
  },
  "detector_dim_2": {
    "wasserstein_before": 0.4980745867389138,
    "wasserstein_after": 0.023364497410865614,
    "wasserstein_improvement_pct": 95.30903643090043,
    "jensenshannon_before": 0.027992971893545722,
    "jensenshannon_after": 0.0009591990529409894,
    "jensenshannon_improvement_pct": 96.5734290142943,
    "triangular_before": 108.03143866273295,
    "triangular_after": 3.5662680189631217,
    "triangular_improvement_pct": 96.69886093982625
  },
  "particle_dim_2": {
    "wasserstein_before": 0.49728559839878117,
    "wasserstein_after": 0.04665939816559225,
    "wasserstein_improvement_pct": 90.6171828993577,
    "jensenshannon_before": 0.03574517366735095,
    "jensenshannon_after": 0.008285161332525695,
    "jensenshannon_improvement_pct": 76.82159440704235,
    "triangular_before": 136.78733555013363,
    "triangular_after": 32.40046200567079,
    "triangular_improvement_pct": 76.31325891730981
  }
}