{
  "detector_dim_0": {
    "wasserstein_before": 0.5020437906379911,
    "wasserstein_after": 0.02585025240689447,
    "wasserstein_improvement_pct": 94.85099648896279,
    "jensenshannon_before": 0.02851655439395329,
    "jensenshannon_after": 0.0009986247676397827,
    "jensenshannon_improvement_pct": 96.4980875534825,
    "triangular_before": 109.82289716433715,
    "triangular_after": 3.650199953477875,
    "triangular_improvement_pct": 96.67628513932229
  },
  "detector_dim_1": {
    "wasserstein_before": 0.49523003361332635,
    "wasserstein_after": 0.004013189469728057,
    "wasserstein_improvement_pct": 99.18963124258705,
    "jensenshannon_before": 0.027435172034684333,
    "jensenshannon_after": 0.0005059881185882647,
    "jensenshannon_improvement_pct": 98.1556954775112,
    "triangular_before": 106.11245945833862,
    "triangular_after": 1.8625739806442754,
    "triangular_improvement_pct": 98.24471698219797
  },
  "detector_dim_2": {
    "wasserstein_before": 0.49807458673891336,
    "wasserstein_after": 0.023202856081096,
    "wasserstein_improvement_pct": 95.34148966864299,
    "jensenshannon_before": 0.02799297189354573,
    "jensenshannon_after": 0.0007170399760976823,
    "jensenshannon_improvement_pct": 97.43849999626867,
    "triangular_before": 108.03143866273295,
    "triangular_after": 2.6675846236295464,
    "triangular_improvement_pct": 97.5307330378543
  },
  "particle_dim_0": {
    "wasserstein_before": 0.5006556744272291,
    "wasserstein_after": 0.022711204651062404,
    "wasserstein_improvement_pct": 95.46370773145736,
    "jensenshannon_before": 0.036345910198484106,
    "jensenshannon_after": 0.0011469979314787859,
    "jensenshannon_improvement_pct": 96.84421734050666,
    "triangular_before": 138.72094256150586,
    "triangular_after": 4.023077280668586,
    "triangular_improvement_pct": 97.09987749046267
  },
  "particle_dim_1": {
    "wasserstein_before": 0.49774528412947683,
    "wasserstein_after": 0.004785073558069538,
    "wasserstein_improvement_pct": 99.03865014684402,
    "jensenshannon_before": 0.035464478426584706,
    "jensenshannon_after": 0.0007146345064586034,
    "jensenshannon_improvement_pct": 97.9849287564232,
    "triangular_before": 135.7248952335863,
    "triangular_after": 2.480388610157684,
    "triangular_improvement_pct": 98.17248810110416
  },
  "particle_dim_2": {
    "wasserstein_before": 0.49728559839878084,
    "wasserstein_after": 0.02040914850260374,
    "wasserstein_improvement_pct": 95.89588989338932,
    "jensenshannon_before": 0.03574517366735095,
    "jensenshannon_after": 0.0010018374503865265,
    "jensenshannon_improvement_pct": 97.19727910763632,
    "triangular_before": 136.78733555013363,
    "triangular_after": 3.5143348678251485,
    "triangular_improvement_pct": 97.43080391639245
  }
}