{
  "detector_dim_0": {
    "wasserstein_before": 0.49777143931870316,
    "wasserstein_after": 0.038811405771425986,
    "wasserstein_improvement_pct": 92.20296652123172,
    "jensenshannon_before": 0.027690202717454218,
    "jensenshannon_after": 0.0008106218474163837,
    "jensenshannon_improvement_pct": 97.07253191430983
  },
  "detector_dim_1": {
    "wasserstein_before": 0.49447722625760654,
    "wasserstein_after": 0.020602011369704125,
    "wasserstein_improvement_pct": 95.83357730635483,
    "jensenshannon_before": 0.02750658019192382,
    "jensenshannon_after": 0.0008303709646737583,
    "jensenshannon_improvement_pct": 96.98119155896536
  },
  "detector_dim_2": {
    "wasserstein_before": 0.4935022019678996,
    "wasserstein_after": 0.014805073052229218,
    "wasserstein_improvement_pct": 96.99999858294609,
    "jensenshannon_before": 0.027643140311169833,
    "jensenshannon_after": 0.0009566826723374093,
    "jensenshannon_improvement_pct": 96.53916790361608
  },
  "particle_dim_0": {
    "wasserstein_before": 0.49828991812854884,
    "wasserstein_after": 0.03501297724190733,
    "wasserstein_improvement_pct": 92.97337233444192,
    "jensenshannon_before": 0.03571006604894157,
    "jensenshannon_after": 0.0009897759135565946,
    "jensenshannon_improvement_pct": 97.22829996393712
  },
  "particle_dim_1": {
    "wasserstein_before": 0.49503796171272735,
    "wasserstein_after": 0.023102253158224166,
    "wasserstein_improvement_pct": 95.33323604551553,
    "jensenshannon_before": 0.03542515242191327,
    "jensenshannon_after": 0.0009010122881524994,
    "jensenshannon_improvement_pct": 97.45657470313338
  },
  "particle_dim_2": {
    "wasserstein_before": 0.4988024709350262,
    "wasserstein_after": 0.01580515074384137,
    "wasserstein_improvement_pct": 96.83138082411381,
    "jensenshannon_before": 0.036016252205674816,
    "jensenshannon_after": 0.0011002146443768893,
    "jensenshannon_improvement_pct": 96.9452272876867
  }
}