{
  "detector_dim_0": {
    "wasserstein_before": 0.22699871043701372,
    "wasserstein_after": 0.02336191389899779,
    "wasserstein_improvement_pct": 89.70834950823206,
    "jensenshannon_before": 0.013928414662760033,
    "jensenshannon_after": 0.0004611891960294335,
    "jensenshannon_improvement_pct": 96.68886081297894
  },
  "detector_dim_1": {
    "wasserstein_before": 0.11733923228554612,
    "wasserstein_after": 0.007135397389512529,
    "wasserstein_improvement_pct": 93.91900112986211,
    "jensenshannon_before": 0.005168886466221369,
    "jensenshannon_after": 0.00031705266155981275,
    "jensenshannon_improvement_pct": 93.86613221954575
  },
  "detector_dim_2": {
    "wasserstein_before": 0.1109633040964661,
    "wasserstein_after": 0.028070706009187207,
    "wasserstein_improvement_pct": 74.70271254289264,
    "jensenshannon_before": 0.002424159529791805,
    "jensenshannon_after": 0.00045433185968065873,
    "jensenshannon_improvement_pct": 81.2581699307686
  },
  "detector_dim_3": {
    "wasserstein_before": 0.22674776433808796,
    "wasserstein_after": 0.006664386673123505,
    "wasserstein_improvement_pct": 97.06088097821917,
    "jensenshannon_before": 0.022319547489867506,
    "jensenshannon_after": 0.0004207719089049348,
    "jensenshannon_improvement_pct": 98.1147829762411
  },
  "particle_dim_0": {
    "wasserstein_before": 0.23510885115852997,
    "wasserstein_after": 0.021212913455810684,
    "wasserstein_improvement_pct": 90.97740754919211,
    "jensenshannon_before": 0.01835289044860715,
    "jensenshannon_after": 0.0005224724449566607,
    "jensenshannon_improvement_pct": 97.15318714281155
  },
  "particle_dim_1": {
    "wasserstein_before": 0.12216571133714924,
    "wasserstein_after": 0.007147866262953311,
    "wasserstein_improvement_pct": 94.14904052477799,
    "jensenshannon_before": 0.009624666729486479,
    "jensenshannon_after": 0.00034725317527403574,
    "jensenshannon_improvement_pct": 96.39204987524214
  },
  "particle_dim_2": {
    "wasserstein_before": 0.11836327400254677,
    "wasserstein_after": 0.02768940700811741,
    "wasserstein_improvement_pct": 76.6064201573863,
    "jensenshannon_before": 0.0037083976626605124,
    "jensenshannon_after": 0.0007447764788757477,
    "jensenshannon_improvement_pct": 79.91648828886858
  },
  "particle_dim_3": {
    "wasserstein_before": 0.2328649789864691,
    "wasserstein_after": 0.010067579358278206,
    "wasserstein_improvement_pct": 95.6766451520118,
    "jensenshannon_before": 0.028671380738604015,
    "jensenshannon_after": 0.0006332426293314519,
    "jensenshannon_improvement_pct": 97.79137727929917
  }
}