{
  "detector_dim_0": {
    "wasserstein_before": 0.1984871346030792,
    "wasserstein_after": 0.007903002392228173,
    "wasserstein_improvement_pct": 96.018380532304,
    "jensenshannon_before": 0.005966117147389233,
    "jensenshannon_after": 0.0002630665263902954,
    "jensenshannon_improvement_pct": 95.59065771101372
  },
  "detector_dim_1": {
    "wasserstein_before": 0.21498323885506102,
    "wasserstein_after": 0.019589239804698722,
    "wasserstein_improvement_pct": 90.88801531271675,
    "jensenshannon_before": 0.004938986079709203,
    "jensenshannon_after": 0.00033977938487297985,
    "jensenshannon_improvement_pct": 93.12046279561523
  },
  "particle_dim_0": {
    "wasserstein_before": 0.20018780940917894,
    "wasserstein_after": 0.01071165926039059,
    "wasserstein_improvement_pct": 94.64919502740737,
    "jensenshannon_before": 0.008217819585689817,
    "jensenshannon_after": 0.0003413815148960442,
    "jensenshannon_improvement_pct": 95.84583828670914
  },
  "particle_dim_1": {
    "wasserstein_before": 0.22994149293686533,
    "wasserstein_after": 0.024989497478265683,
    "wasserstein_improvement_pct": 89.13223657066234,
    "jensenshannon_before": 0.007555365122460122,
    "jensenshannon_after": 0.0004735413317395415,
    "jensenshannon_improvement_pct": 93.7323832261683
  }
}