{
  "detector_m": {
    "wasserstein_before": 0.20734120517186305,
    "wasserstein_after": 0.16994995581262368,
    "wasserstein_improvement_pct": 18.03367995678724,
    "jensenshannon_before": 0.00689899124804445,
    "jensenshannon_after": 0.004832473675685885,
    "jensenshannon_improvement_pct": 29.95390917395827,
    "triangular_before": 27.36586467846386,
    "triangular_after": 19.14890368549402,
    "triangular_improvement_pct": 30.026315957910697
  },
  "particle_m": {
    "wasserstein_before": 0.10884104012065578,
    "wasserstein_after": 0.08799395258094386,
    "wasserstein_improvement_pct": 19.15370113755057,
    "jensenshannon_before": 0.002037094362706723,
    "jensenshannon_after": 0.0036393833920550208,
    "jensenshannon_improvement_pct": -78.65561157507248,
    "triangular_before": 8.062332275620415,
    "triangular_after": 14.438097108575528,
    "triangular_improvement_pct": -79.08089886390206
  },
  "detector_M": {
    "wasserstein_before": 0.22538391679187936,
    "wasserstein_after": 0.1801680476044695,
    "wasserstein_improvement_pct": 20.061710627365848,
    "jensenshannon_before": 0.009896940243436528,
    "jensenshannon_after": 0.007747115639321137,
    "jensenshannon_improvement_pct": 21.72211361527736,
    "triangular_before": 39.10382185477394,
    "triangular_after": 30.59106778386357,
    "triangular_improvement_pct": 21.769621656229752
  },
  "particle_M": {
    "wasserstein_before": 0.25457336177467704,
    "wasserstein_after": 0.20495143800612656,
    "wasserstein_improvement_pct": 19.492190157928178,
    "jensenshannon_before": 0.007827800980054644,
    "jensenshannon_after": 0.011312387264196233,
    "jensenshannon_improvement_pct": -44.51551965897404,
    "triangular_before": 30.978623143231385,
    "triangular_after": 44.32355345799324,
    "triangular_improvement_pct": -43.0778677704972
  },
  "detector_w": {
    "wasserstein_before": 0.26433947507710875,
    "wasserstein_after": 0.011158023765693779,
    "wasserstein_improvement_pct": 95.77890371370415,
    "jensenshannon_before": 0.009355583112876906,
    "jensenshannon_after": 0.0006752105193058414,
    "jensenshannon_improvement_pct": 92.78280668175039,
    "triangular_before": 37.13435886804515,
    "triangular_after": 2.668975278395,
    "triangular_improvement_pct": 92.81265286448313
  },
  "particle_w": {
    "wasserstein_before": 0.28341398876603,
    "wasserstein_after": 0.012147460889082713,
    "wasserstein_improvement_pct": 95.71388097603364,
    "jensenshannon_before": 0.011631443720427933,
    "jensenshannon_after": 0.0017358806707155575,
    "jensenshannon_improvement_pct": 85.07596552552728,
    "triangular_before": 46.15126456108763,
    "triangular_after": 6.885192058243774,
    "triangular_improvement_pct": 85.08124940080404
  },
  "detector_tau21": {
    "wasserstein_before": 0.12088080432848919,
    "wasserstein_after": 0.07695812084401156,
    "wasserstein_improvement_pct": 36.335532120649475,
    "jensenshannon_before": 0.0034565853773208827,
    "jensenshannon_after": 0.0022494734492479076,
    "jensenshannon_improvement_pct": 34.92209207366892,
    "triangular_before": 13.76509192660686,
    "triangular_after": 8.959949359867815,
    "triangular_improvement_pct": 34.90817636641478
  },
  "particle_tau21": {
    "wasserstein_before": 0.2581064893437667,
    "wasserstein_after": 0.17147952448665774,
    "wasserstein_improvement_pct": 33.562490070419074,
    "jensenshannon_before": 0.01054771931584189,
    "jensenshannon_after": 0.007129533544323124,
    "jensenshannon_improvement_pct": 32.406870804619395,
    "triangular_before": 41.89114647922722,
    "triangular_after": 28.33344796440526,
    "triangular_improvement_pct": 32.36411426826164
  },
  "detector_sdm": {
    "wasserstein_before": 0.2370567335124559,
    "wasserstein_after": 0.025626568364950912,
    "wasserstein_improvement_pct": 89.18968974842286,
    "jensenshannon_before": 0.008665124799684842,
    "jensenshannon_after": 0.0006539676678845015,
    "jensenshannon_improvement_pct": 92.45287652512187,
    "triangular_before": 34.396237622963845,
    "triangular_after": 2.571446706090035,
    "triangular_improvement_pct": 92.52404657079916
  },
  "particle_sdm": {
    "wasserstein_before": 0.2687641097815797,
    "wasserstein_after": 0.027446480538719394,
    "wasserstein_improvement_pct": 89.78789222972341,
    "jensenshannon_before": 0.010123287796315866,
    "jensenshannon_after": 0.002446968383802435,
    "jensenshannon_improvement_pct": 75.82832343566335,
    "triangular_before": 40.20002289083289,
    "triangular_after": 9.728842768654339,
    "triangular_improvement_pct": 75.79891236610993
  }
}