{
  "detector_m": {
    "wasserstein_before": 0.20734120517186302,
    "wasserstein_after": 0.010519492645798623,
    "wasserstein_improvement_pct": 94.92648234725985,
    "jensenshannon_before": 0.00689899124804445,
    "jensenshannon_after": 0.0002908770715523998,
    "jensenshannon_improvement_pct": 95.78377387223313,
    "triangular_before": 27.36586467846386,
    "triangular_after": 1.0072940987934067,
    "triangular_improvement_pct": 96.31915851872893
  },
  "detector_M": {
    "wasserstein_before": 0.2253839167918794,
    "wasserstein_after": 0.012783438823585878,
    "wasserstein_improvement_pct": 94.32814949462869,
    "jensenshannon_before": 0.009896940243436528,
    "jensenshannon_after": 0.0005034166019373106,
    "jensenshannon_improvement_pct": 94.91341172569808,
    "triangular_before": 39.10382185477394,
    "triangular_after": 1.8053461873099008,
    "triangular_improvement_pct": 95.38319759635081
  },
  "detector_w": {
    "wasserstein_before": 0.2643394750771083,
    "wasserstein_after": 0.004689820560847556,
    "wasserstein_improvement_pct": 98.22583420070742,
    "jensenshannon_before": 0.009355583112876906,
    "jensenshannon_after": 0.0003908205271995556,
    "jensenshannon_improvement_pct": 95.82259574326655,
    "triangular_before": 37.13435886804515,
    "triangular_after": 1.5340962939384422,
    "triangular_improvement_pct": 95.86879552871838
  },
  "detector_tau21": {
    "wasserstein_before": 0.12088080432848948,
    "wasserstein_after": 0.005483835549506354,
    "wasserstein_improvement_pct": 95.46343558849574,
    "jensenshannon_before": 0.0034565853773208827,
    "jensenshannon_after": 0.0002406477289524289,
    "jensenshannon_improvement_pct": 93.03799262325904,
    "triangular_before": 13.76509192660686,
    "triangular_after": 0.9566591046709606,
    "triangular_improvement_pct": 93.05010740377394
  },
  "detector_zg": {
    "wasserstein_before": 0.056150007322115225,
    "wasserstein_after": 0.009433004847392141,
    "wasserstein_improvement_pct": 83.20034974656743,
    "jensenshannon_before": 0.0007869921730891492,
    "jensenshannon_after": 0.00026814350139185277,
    "jensenshannon_improvement_pct": 65.92805995270325,
    "triangular_before": 3.1392565236524446,
    "triangular_after": 1.0720329479061235,
    "triangular_improvement_pct": 65.85073759251631
  },
  "detector_sdm": {
    "wasserstein_before": 0.2370567335124565,
    "wasserstein_after": 0.011849159219094536,
    "wasserstein_improvement_pct": 95.00155129806853,
    "jensenshannon_before": 0.008665124799684842,
    "jensenshannon_after": 0.0004272835902597696,
    "jensenshannon_improvement_pct": 95.06892745185493,
    "triangular_before": 34.396237622963845,
    "triangular_after": 1.6803063648598868,
    "triangular_improvement_pct": 95.11485417888244
  },
  "particle_m": {
    "wasserstein_before": 0.10884104012065575,
    "wasserstein_after": 0.0905326749581137,
    "wasserstein_improvement_pct": 16.82119643679103,
    "jensenshannon_before": 0.0020370943627067233,
    "jensenshannon_after": 0.0018407113436694005,
    "jensenshannon_improvement_pct": 9.6403496388054,
    "triangular_before": 8.062332275620415,
    "triangular_after": 7.253738312626204,
    "triangular_improvement_pct": 10.029281048603123
  },
  "particle_M": {
    "wasserstein_before": 0.25457336177467704,
    "wasserstein_after": 0.038960720816101635,
    "wasserstein_improvement_pct": 84.6956804339231,
    "jensenshannon_before": 0.007827800980054644,
    "jensenshannon_after": 0.0005858215132504505,
    "jensenshannon_improvement_pct": 92.5161419568135,
    "triangular_before": 30.978623143231385,
    "triangular_after": 2.2172532143324126,
    "triangular_improvement_pct": 92.84263472885537
  },
  "particle_w": {
    "wasserstein_before": 0.28341398876603047,
    "wasserstein_after": 0.007582203240669575,
    "wasserstein_improvement_pct": 97.32468983846489,
    "jensenshannon_before": 0.011631443720427933,
    "jensenshannon_after": 0.00042759459740063634,
    "jensenshannon_improvement_pct": 96.32380461378439,
    "triangular_before": 46.15126456108763,
    "triangular_after": 1.6615942273943187,
    "triangular_improvement_pct": 96.39967779172125
  },
  "particle_tau21": {
    "wasserstein_before": 0.25810648934376645,
    "wasserstein_after": 0.0621883031362711,
    "wasserstein_improvement_pct": 75.90595134032301,
    "jensenshannon_before": 0.01054771931584189,
    "jensenshannon_after": 0.0015049175306074245,
    "jensenshannon_improvement_pct": 85.7322944842953,
    "triangular_before": 41.89114647922722,
    "triangular_after": 5.918358951408658,
    "triangular_improvement_pct": 85.87205304981704
  },
  "particle_zg": {
    "wasserstein_before": 0.1092031816043543,
    "wasserstein_after": 0.01706908752308195,
    "wasserstein_improvement_pct": 84.36942287549492,
    "jensenshannon_before": 0.0020181083895190227,
    "jensenshannon_after": 0.00036709597694751763,
    "jensenshannon_improvement_pct": 81.80989787991477,
    "triangular_before": 7.992646584621354,
    "triangular_after": 1.4676448773919466,
    "triangular_improvement_pct": 81.6375607021604
  },
  "particle_sdm": {
    "wasserstein_before": 0.268764109781579,
    "wasserstein_after": 0.013033677885829506,
    "wasserstein_improvement_pct": 95.15051399667098,
    "jensenshannon_before": 0.010123287796315866,
    "jensenshannon_after": 0.0004605956798650387,
    "jensenshannon_improvement_pct": 95.45013745403286,
    "triangular_before": 40.20002289083289,
    "triangular_after": 1.8064820695889168,
    "triangular_improvement_pct": 95.50626606732389
  }
}