{
  "detector_m": {
    "wasserstein_before": 0.20734120517186305,
    "wasserstein_after": 0.007601460385424196,
    "wasserstein_improvement_pct": 96.33383997207723,
    "jensenshannon_before": 0.00689899124804445,
    "jensenshannon_after": 0.0002562624063469435,
    "jensenshannon_improvement_pct": 96.285509038447,
    "triangular_before": 27.36586467846386,
    "triangular_after": 0.8918051150937641,
    "triangular_improvement_pct": 96.74117691667317
  },
  "detector_M": {
    "wasserstein_before": 0.22538391679187936,
    "wasserstein_after": 0.0057594139306383725,
    "wasserstein_improvement_pct": 97.44462071091051,
    "jensenshannon_before": 0.009896940243436528,
    "jensenshannon_after": 0.00045212511144855817,
    "jensenshannon_improvement_pct": 95.43166776470738,
    "triangular_before": 39.10382185477394,
    "triangular_after": 1.6095957216591772,
    "triangular_improvement_pct": 95.88378924280858
  },
  "detector_w": {
    "wasserstein_before": 0.26433947507710875,
    "wasserstein_after": 0.011125543823174825,
    "wasserstein_improvement_pct": 95.79119092223004,
    "jensenshannon_before": 0.009355583112876906,
    "jensenshannon_after": 0.000431863532172333,
    "jensenshannon_improvement_pct": 95.38389508209359,
    "triangular_before": 37.13435886804515,
    "triangular_after": 1.6971899281086318,
    "triangular_improvement_pct": 95.42959679433406
  },
  "detector_tau21": {
    "wasserstein_before": 0.12088080432848919,
    "wasserstein_after": 0.03486985628403933,
    "wasserstein_improvement_pct": 71.15352062906383,
    "jensenshannon_before": 0.0034565853773208827,
    "jensenshannon_after": 0.0004008561996341165,
    "jensenshannon_improvement_pct": 88.40311591132141,
    "triangular_before": 13.76509192660686,
    "triangular_after": 1.595866821659988,
    "triangular_improvement_pct": 88.4064208930178
  },
  "detector_zg": {
    "wasserstein_before": 0.056150007322115225,
    "wasserstein_after": 0.022428844235032885,
    "wasserstein_improvement_pct": 60.05549187845063,
    "jensenshannon_before": 0.0007869921730891492,
    "jensenshannon_after": 0.0002999340019338152,
    "jensenshannon_improvement_pct": 61.888566088720275,
    "triangular_before": 3.1392565236524446,
    "triangular_after": 1.1991063689248977,
    "triangular_improvement_pct": 61.8028549151578
  },
  "detector_sdm": {
    "wasserstein_before": 0.2370567335124559,
    "wasserstein_after": 0.01073968981755792,
    "wasserstein_improvement_pct": 95.46956981207471,
    "jensenshannon_before": 0.008665124799684842,
    "jensenshannon_after": 0.0004319492992585752,
    "jensenshannon_improvement_pct": 95.01508276863727,
    "triangular_before": 34.396237622963845,
    "triangular_after": 1.6965995023707505,
    "triangular_improvement_pct": 95.06748522623866
  },
  "particle_m": {
    "wasserstein_before": 0.10884104012065578,
    "wasserstein_after": 0.0950672919948825,
    "wasserstein_improvement_pct": 12.65492144369843,
    "jensenshannon_before": 0.002037094362706723,
    "jensenshannon_after": 0.0020159893066536783,
    "jensenshannon_improvement_pct": 1.0360372322174571,
    "triangular_before": 8.062332275620415,
    "triangular_after": 7.978455875234928,
    "triangular_improvement_pct": 1.0403490890485756
  },
  "particle_M": {
    "wasserstein_before": 0.25457336177467704,
    "wasserstein_after": 0.055772228564361835,
    "wasserstein_improvement_pct": 78.09188354368128,
    "jensenshannon_before": 0.007827800980054644,
    "jensenshannon_after": 0.0008177778305782625,
    "jensenshannon_improvement_pct": 89.55290467064795,
    "triangular_before": 30.978623143231385,
    "triangular_after": 3.154196051738284,
    "triangular_improvement_pct": 89.81815286898103
  },
  "particle_w": {
    "wasserstein_before": 0.28341398876603,
    "wasserstein_after": 0.012718905471568403,
    "wasserstein_improvement_pct": 95.51225204975032,
    "jensenshannon_before": 0.011631443720427933,
    "jensenshannon_after": 0.0004140523474965507,
    "jensenshannon_improvement_pct": 96.44023255024341,
    "triangular_before": 46.15126456108763,
    "triangular_after": 1.6066672813248506,
    "triangular_improvement_pct": 96.5186928319197
  },
  "particle_tau21": {
    "wasserstein_before": 0.2581064893437667,
    "wasserstein_after": 0.032424841895954765,
    "wasserstein_improvement_pct": 87.43741702179027,
    "jensenshannon_before": 0.01054771931584189,
    "jensenshannon_after": 0.0005042142165642069,
    "jensenshannon_improvement_pct": 95.21968492461764,
    "triangular_before": 41.89114647922722,
    "triangular_after": 1.9835260994056394,
    "triangular_improvement_pct": 95.26504699414417
  },
  "particle_zg": {
    "wasserstein_before": 0.1092031816043542,
    "wasserstein_after": 0.04451873676728274,
    "wasserstein_improvement_pct": 59.23311380379446,
    "jensenshannon_before": 0.0020181083895190227,
    "jensenshannon_after": 0.000486468852572905,
    "jensenshannon_improvement_pct": 75.89481045223515,
    "triangular_before": 7.992646584621354,
    "triangular_after": 1.9432621723350025,
    "triangular_improvement_pct": 75.68687478220252
  },
  "particle_sdm": {
    "wasserstein_before": 0.2687641097815797,
    "wasserstein_after": 0.02267214649101718,
    "wasserstein_improvement_pct": 91.56429535571455,
    "jensenshannon_before": 0.010123287796315866,
    "jensenshannon_after": 0.0004704070282296743,
    "jensenshannon_improvement_pct": 95.35321885839433,
    "triangular_before": 40.20002289083289,
    "triangular_after": 1.8492042958085402,
    "triangular_improvement_pct": 95.39999193326274
  }
}