{
  "detector_m": {
    "wasserstein_before": 0.20734120517186305,
    "wasserstein_after": 0.010519492645798621,
    "wasserstein_improvement_pct": 94.92648234725986,
    "jensenshannon_before": 0.00689899124804445,
    "jensenshannon_after": 0.0002908770715524068,
    "jensenshannon_improvement_pct": 95.78377387223303,
    "triangular_before": 27.36586467846386,
    "triangular_after": 1.0072940987934067,
    "triangular_improvement_pct": 96.31915851872893
  },
  "detector_M": {
    "wasserstein_before": 0.22538391679187936,
    "wasserstein_after": 0.01278343882358613,
    "wasserstein_improvement_pct": 94.32814949462858,
    "jensenshannon_before": 0.009896940243436528,
    "jensenshannon_after": 0.0005034166019373202,
    "jensenshannon_improvement_pct": 94.91341172569798,
    "triangular_before": 39.10382185477394,
    "triangular_after": 1.8053461873098644,
    "triangular_improvement_pct": 95.3831975963509
  },
  "detector_w": {
    "wasserstein_before": 0.26433947507710875,
    "wasserstein_after": 0.004689820560847631,
    "wasserstein_improvement_pct": 98.22583420070741,
    "jensenshannon_before": 0.009355583112876906,
    "jensenshannon_after": 0.00039082052719954384,
    "jensenshannon_improvement_pct": 95.82259574326667,
    "triangular_before": 37.13435886804515,
    "triangular_after": 1.5340962939384177,
    "triangular_improvement_pct": 95.86879552871845
  },
  "detector_tau21": {
    "wasserstein_before": 0.12088080432848919,
    "wasserstein_after": 0.005483835549506334,
    "wasserstein_improvement_pct": 95.46343558849574,
    "jensenshannon_before": 0.0034565853773208827,
    "jensenshannon_after": 0.00024064772895241777,
    "jensenshannon_improvement_pct": 93.03799262325937,
    "triangular_before": 13.76509192660686,
    "triangular_after": 0.9566591046709201,
    "triangular_improvement_pct": 93.05010740377423
  },
  "detector_zg": {
    "wasserstein_before": 0.056150007322115225,
    "wasserstein_after": 0.009433004847392214,
    "wasserstein_improvement_pct": 83.2003497465673,
    "jensenshannon_before": 0.0007869921730891492,
    "jensenshannon_after": 0.00026814350139184166,
    "jensenshannon_improvement_pct": 65.92805995270466,
    "triangular_before": 3.1392565236524446,
    "triangular_after": 1.0720329479061383,
    "triangular_improvement_pct": 65.85073759251584
  },
  "detector_sdm": {
    "wasserstein_before": 0.2370567335124559,
    "wasserstein_after": 0.011849159219094551,
    "wasserstein_improvement_pct": 95.0015512980685,
    "jensenshannon_before": 0.008665124799684842,
    "jensenshannon_after": 0.00042728359025978564,
    "jensenshannon_improvement_pct": 95.06892745185475,
    "triangular_before": 34.396237622963845,
    "triangular_after": 1.680306364859909,
    "triangular_improvement_pct": 95.11485417888237
  },
  "particle_m": {
    "wasserstein_before": 0.10884104012065578,
    "wasserstein_after": 0.0905326749581137,
    "wasserstein_improvement_pct": 16.821196436791052,
    "jensenshannon_before": 0.002037094362706723,
    "jensenshannon_after": 0.001840711343669322,
    "jensenshannon_improvement_pct": 9.640349638809232,
    "triangular_before": 8.062332275620415,
    "triangular_after": 7.25373831262599,
    "triangular_improvement_pct": 10.029281048605776
  },
  "particle_M": {
    "wasserstein_before": 0.25457336177467704,
    "wasserstein_after": 0.03896072081610198,
    "wasserstein_improvement_pct": 84.69568043392296,
    "jensenshannon_before": 0.007827800980054644,
    "jensenshannon_after": 0.0005858215132505533,
    "jensenshannon_improvement_pct": 92.51614195681219,
    "triangular_before": 30.978623143231385,
    "triangular_after": 2.2172532143327985,
    "triangular_improvement_pct": 92.84263472885414
  },
  "particle_w": {
    "wasserstein_before": 0.28341398876603,
    "wasserstein_after": 0.007582203240669624,
    "wasserstein_improvement_pct": 97.32468983846488,
    "jensenshannon_before": 0.011631443720427933,
    "jensenshannon_after": 0.000427594597400623,
    "jensenshannon_improvement_pct": 96.32380461378452,
    "triangular_before": 46.15126456108763,
    "triangular_after": 1.6615942273942927,
    "triangular_improvement_pct": 96.3996777917213
  },
  "particle_tau21": {
    "wasserstein_before": 0.2581064893437667,
    "wasserstein_after": 0.06218830313627139,
    "wasserstein_improvement_pct": 75.90595134032291,
    "jensenshannon_before": 0.01054771931584189,
    "jensenshannon_after": 0.0015049175306074169,
    "jensenshannon_improvement_pct": 85.73229448429535,
    "triangular_before": 41.89114647922722,
    "triangular_after": 5.9183589514086465,
    "triangular_improvement_pct": 85.87205304981707
  },
  "particle_zg": {
    "wasserstein_before": 0.1092031816043542,
    "wasserstein_after": 0.01706908752308188,
    "wasserstein_improvement_pct": 84.36942287549496,
    "jensenshannon_before": 0.0020181083895190227,
    "jensenshannon_after": 0.0003670959769474869,
    "jensenshannon_improvement_pct": 81.80989787991629,
    "triangular_before": 7.992646584621354,
    "triangular_after": 1.467644877391858,
    "triangular_improvement_pct": 81.63756070216151
  },
  "particle_sdm": {
    "wasserstein_before": 0.2687641097815797,
    "wasserstein_after": 0.01303367788582942,
    "wasserstein_improvement_pct": 95.15051399667102,
    "jensenshannon_before": 0.010123287796315866,
    "jensenshannon_after": 0.0004605956798650305,
    "jensenshannon_improvement_pct": 95.45013745403294,
    "triangular_before": 40.20002289083289,
    "triangular_after": 1.8064820695889396,
    "triangular_improvement_pct": 95.50626606732384
  }
}