{
  "detector_dim_0": {
    "wasserstein_before": 0.5008602166991172,
    "wasserstein_after": 0.018728351422387157,
    "wasserstein_improvement_pct": 96.260762824044,
    "jensenshannon_before": 0.028207835916692684,
    "jensenshannon_after": 0.0008665371312085057,
    "jensenshannon_improvement_pct": 96.92802690086654,
    "triangular_before": 108.98439484976821,
    "triangular_after": 3.1256830875046235,
    "triangular_improvement_pct": 97.13199023418602
  },
  "particle_dim_0": {
    "wasserstein_before": 0.5020314204911545,
    "wasserstein_after": 0.047132401960125817,
    "wasserstein_improvement_pct": 90.61166292858431,
    "jensenshannon_before": 0.0363301435514107,
    "jensenshannon_after": 0.007794834618976107,
    "jensenshannon_improvement_pct": 78.54444310701483,
    "triangular_before": 138.9649991961949,
    "triangular_after": 30.55594711746924,
    "triangular_improvement_pct": 78.01176749957776
  },
  "detector_dim_1": {
    "wasserstein_before": 0.500754725520436,
    "wasserstein_after": 0.014153162597740111,
    "wasserstein_improvement_pct": 97.17363374194208,
    "jensenshannon_before": 0.027969960761809222,
    "jensenshannon_after": 0.0006723192776396523,
    "jensenshannon_improvement_pct": 97.59628094095272,
    "triangular_before": 108.14893128547939,
    "triangular_after": 2.5640571379074935,
    "triangular_improvement_pct": 97.62914241737704
  },
  "particle_dim_1": {
    "wasserstein_before": 0.5062576150183393,
    "wasserstein_after": 0.0417270887764759,
    "wasserstein_improvement_pct": 91.75773607376468,
    "jensenshannon_before": 0.03650419122443051,
    "jensenshannon_after": 0.007762202024039555,
    "jensenshannon_improvement_pct": 78.73613477335533,
    "triangular_before": 139.6220347081849,
    "triangular_after": 30.457849084446554,
    "triangular_improvement_pct": 78.18549976863999
  },
  "detector_dim_2": {
    "wasserstein_before": 0.5096211969836578,
    "wasserstein_after": 0.011841489928469083,
    "wasserstein_improvement_pct": 97.67641338339999,
    "jensenshannon_before": 0.028692414990539598,
    "jensenshannon_after": 0.0005206389347318142,
    "jensenshannon_improvement_pct": 98.18544749578075,
    "triangular_before": 111.0200726009608,
    "triangular_after": 1.9736749136656586,
    "triangular_improvement_pct": 98.222235972805
  },
  "particle_dim_2": {
    "wasserstein_before": 0.5090972693390878,
    "wasserstein_after": 0.04339546618396448,
    "wasserstein_improvement_pct": 91.47599706431335,
    "jensenshannon_before": 0.03682158478385453,
    "jensenshannon_after": 0.0075931526865045534,
    "jensenshannon_improvement_pct": 79.37852829779888,
    "triangular_before": 140.79005016975677,
    "triangular_after": 29.79805778540531,
    "triangular_improvement_pct": 78.83511103982386
  },
  "detector_dim_3": {
    "wasserstein_before": 0.49435525516897516,
    "wasserstein_after": 0.016529946903138994,
    "wasserstein_improvement_pct": 96.65626151835103,
    "jensenshannon_before": 0.027419186426452843,
    "jensenshannon_after": 0.0007659407945775264,
    "jensenshannon_improvement_pct": 97.20655170921272,
    "triangular_before": 106.00629796231802,
    "triangular_after": 2.7609857127149193,
    "triangular_improvement_pct": 97.39545124602279
  },
  "particle_dim_3": {
    "wasserstein_before": 0.4950991475221004,
    "wasserstein_after": 0.04387586732748014,
    "wasserstein_improvement_pct": 91.13796346710097,
    "jensenshannon_before": 0.03540372247585747,
    "jensenshannon_after": 0.007491939941675528,
    "jensenshannon_improvement_pct": 78.83855307366497,
    "triangular_before": 135.43497643299392,
    "triangular_after": 29.475423216057155,
    "triangular_improvement_pct": 78.2364762837759
  }
}