{
  "detector_dim_0": {
    "wasserstein_before": 0.5008602166991163,
    "wasserstein_after": 0.01021993331436675,
    "wasserstein_improvement_pct": 97.95952384045982,
    "jensenshannon_before": 0.028207835916692684,
    "jensenshannon_after": 0.0012130477487611881,
    "jensenshannon_improvement_pct": 95.69960718594744,
    "triangular_before": 108.98439484976821,
    "triangular_after": 4.4059839160456775,
    "triangular_improvement_pct": 95.95723413235518
  },
  "detector_dim_1": {
    "wasserstein_before": 0.5007547255204368,
    "wasserstein_after": 0.012206066091178979,
    "wasserstein_improvement_pct": 97.56246611981682,
    "jensenshannon_before": 0.027969960761809222,
    "jensenshannon_after": 0.001192117203006318,
    "jensenshannon_improvement_pct": 95.73786601576482,
    "triangular_before": 108.14893128547939,
    "triangular_after": 4.559016405673868,
    "triangular_improvement_pct": 95.78450165758967
  },
  "detector_dim_2": {
    "wasserstein_before": 0.5096211969836585,
    "wasserstein_after": 0.01181596478049876,
    "wasserstein_improvement_pct": 97.68142203455528,
    "jensenshannon_before": 0.028692414990539598,
    "jensenshannon_after": 0.0006967854576915508,
    "jensenshannon_improvement_pct": 97.57153429601065,
    "triangular_before": 111.0200726009608,
    "triangular_after": 2.6193352433049344,
    "triangular_improvement_pct": 97.64066516807316
  },
  "detector_dim_3": {
    "wasserstein_before": 0.49435525516897555,
    "wasserstein_after": 0.02817097694917535,
    "wasserstein_improvement_pct": 94.30147112736846,
    "jensenshannon_before": 0.027419186426452843,
    "jensenshannon_after": 0.0014257619083397983,
    "jensenshannon_improvement_pct": 94.80013051384965,
    "triangular_before": 106.00629796231802,
    "triangular_after": 5.204229535966753,
    "triangular_improvement_pct": 95.09064118264303
  },
  "particle_dim_0": {
    "wasserstein_before": 0.5020314204911549,
    "wasserstein_after": 0.009875628215898288,
    "wasserstein_improvement_pct": 98.03286650739179,
    "jensenshannon_before": 0.0363301435514107,
    "jensenshannon_after": 0.0013052645650383193,
    "jensenshannon_improvement_pct": 96.40721330156254,
    "triangular_before": 138.9649991961949,
    "triangular_after": 4.766365707853406,
    "triangular_improvement_pct": 96.57009625774609
  },
  "particle_dim_1": {
    "wasserstein_before": 0.5062576150183385,
    "wasserstein_after": 0.009313369320868677,
    "wasserstein_improvement_pct": 98.16034978149784,
    "jensenshannon_before": 0.03650419122443051,
    "jensenshannon_after": 0.001534611493431521,
    "jensenshannon_improvement_pct": 95.79606767892318,
    "triangular_before": 139.6220347081849,
    "triangular_after": 5.728876707736844,
    "triangular_improvement_pct": 95.89686776896612
  },
  "particle_dim_2": {
    "wasserstein_before": 0.5090972693390868,
    "wasserstein_after": 0.013134973192027593,
    "wasserstein_improvement_pct": 97.41994821361358,
    "jensenshannon_before": 0.03682158478385453,
    "jensenshannon_after": 0.0011357402719981717,
    "jensenshannon_improvement_pct": 96.91555841861492,
    "triangular_before": 140.79005016975677,
    "triangular_after": 4.0638985035516315,
    "triangular_improvement_pct": 97.1135044709114
  },
  "particle_dim_3": {
    "wasserstein_before": 0.49509914752210116,
    "wasserstein_after": 0.02375771145369724,
    "wasserstein_improvement_pct": 95.20142347798394,
    "jensenshannon_before": 0.03540372247585747,
    "jensenshannon_after": 0.0014792218167780403,
    "jensenshannon_improvement_pct": 95.8218466496376,
    "triangular_before": 135.43497643299392,
    "triangular_after": 5.3172881117800745,
    "triangular_improvement_pct": 96.07391808835231
  }
}