{
  "detector_m": {
    "wasserstein_before": 0.20734120517186305,
    "wasserstein_after": 0.014493062395511744,
    "wasserstein_improvement_pct": 93.01004236784551,
    "jensenshannon_before": 0.00689899124804445,
    "jensenshannon_after": 0.00038191535099932317,
    "jensenshannon_improvement_pct": 94.46418559948778,
    "triangular_before": 27.36586467846386,
    "triangular_after": 1.3931801553878875,
    "triangular_improvement_pct": 94.90905852324747
  },
  "particle_m": {
    "wasserstein_before": 0.10884104012065574,
    "wasserstein_after": 0.13327886997913652,
    "wasserstein_improvement_pct": -22.45277133642809,
    "jensenshannon_before": 0.002037094362706723,
    "jensenshannon_after": 0.0038492347167666677,
    "jensenshannon_improvement_pct": -88.957113977387,
    "triangular_before": 8.062332275620415,
    "triangular_after": 15.283266882012079,
    "triangular_improvement_pct": -89.56384281291602
  }
}