{
  "detector_before": 0.22538391679187936,
  "detector_after": 0.02581359565649033,
  "particle_before": 0.25457336177467704,
  "particle_after": 0.043831803031088905
}