{
  "detector_dim_0": {
    "wasserstein_before": 0.2238806140038626,
    "wasserstein_after": 0.014175860502440683,
    "wasserstein_improvement_pct": 93.66811612273132,
    "jensenshannon_before": 0.013109007039312824,
    "jensenshannon_after": 0.000250413980605853,
    "jensenshannon_improvement_pct": 98.08975630377738
  },
  "detector_dim_1": {
    "wasserstein_before": 0.11178616166781206,
    "wasserstein_after": 0.008149850551518482,
    "wasserstein_improvement_pct": 92.7094280455421,
    "jensenshannon_before": 0.004688854787162122,
    "jensenshannon_after": 0.0003720461734105529,
    "jensenshannon_improvement_pct": 92.06530826185535
  },
  "detector_dim_2": {
    "wasserstein_before": 0.10921073369550124,
    "wasserstein_after": 0.026471496521393002,
    "wasserstein_improvement_pct": 75.76108535704907,
    "jensenshannon_before": 0.0023037414130784436,
    "jensenshannon_after": 0.00037120390289457596,
    "jensenshannon_improvement_pct": 83.88691105749825
  },
  "detector_dim_3": {
    "wasserstein_before": 0.2240272072914848,
    "wasserstein_after": 0.02176788985875232,
    "wasserstein_improvement_pct": 90.28337221986175,
    "jensenshannon_before": 0.022429375788944977,
    "jensenshannon_after": 0.0005542964932146943,
    "jensenshannon_improvement_pct": 97.52870299008546
  },
  "detector_dim_4": {
    "wasserstein_before": 0.22728029588414594,
    "wasserstein_after": 0.028510852704450407,
    "wasserstein_improvement_pct": 87.45564256085642,
    "jensenshannon_before": 0.009970151886455097,
    "jensenshannon_after": 0.000545837177460957,
    "jensenshannon_improvement_pct": 94.52528724058355
  },
  "detector_dim_5": {
    "wasserstein_before": 0.2836503444517586,
    "wasserstein_after": 0.027247019735786318,
    "wasserstein_improvement_pct": 90.39415242436968,
    "jensenshannon_before": 0.014529876945054207,
    "jensenshannon_after": 0.00039237891862486306,
    "jensenshannon_improvement_pct": 97.29950280990904
  },
  "particle_dim_0": {
    "wasserstein_before": 0.23147808117411647,
    "wasserstein_after": 0.014940202994633008,
    "wasserstein_improvement_pct": 93.54573749754083,
    "jensenshannon_before": 0.017672332564555325,
    "jensenshannon_after": 0.0003008499415914272,
    "jensenshannon_improvement_pct": 98.29762177407848
  },
  "particle_dim_1": {
    "wasserstein_before": 0.12047819546581935,
    "wasserstein_after": 0.007639978674311496,
    "wasserstein_improvement_pct": 93.65862125941369,
    "jensenshannon_before": 0.009460453791699332,
    "jensenshannon_after": 0.00029997300216239844,
    "jensenshannon_improvement_pct": 96.82919013435067
  },
  "particle_dim_2": {
    "wasserstein_before": 0.11726841671016018,
    "wasserstein_after": 0.027702095053721353,
    "wasserstein_improvement_pct": 76.37719018396089,
    "jensenshannon_before": 0.0036565256374158257,
    "jensenshannon_after": 0.0005958034831476908,
    "jensenshannon_improvement_pct": 83.70574851025077
  },
  "particle_dim_3": {
    "wasserstein_before": 0.23298880461873586,
    "wasserstein_after": 0.025232329547487133,
    "wasserstein_improvement_pct": 89.17015365232787,
    "jensenshannon_before": 0.028950287406767992,
    "jensenshannon_after": 0.0007342212962135173,
    "jensenshannon_improvement_pct": 97.46385489754456
  },
  "particle_dim_4": {
    "wasserstein_before": 0.2332133059157447,
    "wasserstein_after": 0.030169570432242894,
    "wasserstein_improvement_pct": 87.06352953842928,
    "jensenshannon_before": 0.012163409902023812,
    "jensenshannon_after": 0.0005863192293912174,
    "jensenshannon_improvement_pct": 95.17964753211464
  },
  "particle_dim_5": {
    "wasserstein_before": 0.2917045231185394,
    "wasserstein_after": 0.0293008219242286,
    "wasserstein_improvement_pct": 89.95530764796482,
    "jensenshannon_before": 0.01722903727285001,
    "jensenshannon_after": 0.0003974694853996246,
    "jensenshannon_improvement_pct": 97.69302556431305
  }
}