{
  "detector_dim_0": {
    "wasserstein_before": 0.4970370564218267,
    "wasserstein_after": 0.02013430768874874,
    "wasserstein_improvement_pct": 95.94913348439334,
    "jensenshannon_before": 0.027444460803821843,
    "jensenshannon_after": 0.0006189934978865986,
    "jensenshannon_improvement_pct": 97.74455944931373,
    "triangular_before": 106.10394490763258,
    "triangular_after": 2.3173977195817534,
    "triangular_improvement_pct": 97.81591747451131
  },
  "particle_dim_0": {
    "wasserstein_before": 0.49761433954722645,
    "wasserstein_after": 0.022435355395465442,
    "wasserstein_improvement_pct": 95.49141702470249,
    "jensenshannon_before": 0.035241608380421605,
    "jensenshannon_after": 0.0011761720616207494,
    "jensenshannon_improvement_pct": 96.66254715470316,
    "triangular_before": 134.95718471447807,
    "triangular_after": 4.311828861630648,
    "triangular_improvement_pct": 96.80503941249741
  }
}