{
  "detector_dim_0": {
    "wasserstein_before": 0.49703705642182683,
    "wasserstein_after": 0.014032651159510067,
    "wasserstein_improvement_pct": 97.17673944463392,
    "jensenshannon_before": 0.027444460803821843,
    "jensenshannon_after": 0.00046861524004066424,
    "jensenshannon_improvement_pct": 98.29249609460207,
    "triangular_before": 106.10394490763258,
    "triangular_after": 1.722438922554289,
    "triangular_improvement_pct": 98.3766494977602
  },
  "particle_dim_0": {
    "wasserstein_before": 0.49761433954722534,
    "wasserstein_after": 0.014550317554034646,
    "wasserstein_improvement_pct": 97.07598507565642,
    "jensenshannon_before": 0.035241608380421605,
    "jensenshannon_after": 0.0007061523412923287,
    "jensenshannon_improvement_pct": 97.99625393463985,
    "triangular_before": 134.95718471447807,
    "triangular_after": 2.4534944092591795,
    "triangular_improvement_pct": 98.18202016109782
  }
}