{
  "detector_dim_0": {
    "wasserstein_before": 0.4970370564218267,
    "wasserstein_after": 0.01987646131998199,
    "wasserstein_improvement_pct": 96.00101017355269,
    "jensenshannon_before": 0.027444460803821843,
    "jensenshannon_after": 0.0007605319738427949,
    "jensenshannon_improvement_pct": 97.22883251640752,
    "triangular_before": 106.10394490763258,
    "triangular_after": 2.8725205757004906,
    "triangular_improvement_pct": 97.29272971122693
  },
  "particle_dim_0": {
    "wasserstein_before": 0.49761433954722645,
    "wasserstein_after": 0.030015799372089803,
    "wasserstein_improvement_pct": 93.96805980322014,
    "jensenshannon_before": 0.035241608380421605,
    "jensenshannon_after": 0.0016140590685786262,
    "jensenshannon_improvement_pct": 95.42001871436914,
    "triangular_before": 134.95718471447807,
    "triangular_after": 6.038311775996535,
    "triangular_improvement_pct": 95.52575745502436
  }
}