{
  "detector_dim_0": {
    "wasserstein_before": 0.4970370564218267,
    "wasserstein_after": 0.013886278632646685,
    "wasserstein_improvement_pct": 97.20618846155776,
    "jensenshannon_before": 0.027444460803821843,
    "jensenshannon_after": 0.00046261525640714816,
    "jensenshannon_improvement_pct": 98.31435837011334,
    "triangular_before": 106.10394490763258,
    "triangular_after": 1.6977279109706724,
    "triangular_improvement_pct": 98.3999389349297
  },
  "particle_dim_0": {
    "wasserstein_before": 0.49761433954722645,
    "wasserstein_after": 0.014973913345257306,
    "wasserstein_improvement_pct": 96.99085975720034,
    "jensenshannon_before": 0.035241608380421605,
    "jensenshannon_after": 0.0006961722074861212,
    "jensenshannon_improvement_pct": 98.02457311263672,
    "triangular_before": 134.95718471447807,
    "triangular_after": 2.4101876823689334,
    "triangular_improvement_pct": 98.21410939516258
  }
}