{
  "detector_before": 0.501961168367877,
  "detector_after": 0.5410947531144703,
  "particle_before": 0.4811164269425012,
  "particle_after": 0.5203736207432295
}