{
  "detector_m": {
    "wasserstein_before": 0.20734120517186305,
    "wasserstein_after": 0.16994995581262368,
    "wasserstein_improvement_pct": 18.03367995678724,
    "jensenshannon_before": 0.00689899124804445,
    "jensenshannon_after": 0.004832473675685885,
    "jensenshannon_improvement_pct": 29.95390917395827,
    "triangular_before": 27.36586467846386,
    "triangular_after": 19.14890368549402,
    "triangular_improvement_pct": 30.026315957910697
  },
  "particle_m": {
    "wasserstein_before": 0.10884104012065578,
    "wasserstein_after": 0.08799395258094386,
    "wasserstein_improvement_pct": 19.15370113755057,
    "jensenshannon_before": 0.002037094362706723,
    "jensenshannon_after": 0.0036393833920550208,
    "jensenshannon_improvement_pct": -78.65561157507248,
    "triangular_before": 8.062332275620415,
    "triangular_after": 14.438097108575528,
    "triangular_improvement_pct": -79.08089886390206
  }
}