{
  "detector_before": 0.20734120517186302,
  "detector_after": 0.018496143172314967,
  "particle_before": 0.10884104012065575,
  "particle_after": 0.16187735651970567
}