{
  "detector_dim_0": {
    "wasserstein_before": 0.5054576831076485,
    "wasserstein_after": 0.04134293506110999,
    "wasserstein_improvement_pct": 91.82069311778469,
    "jensenshannon_before": 0.028611906922025653,
    "jensenshannon_after": 0.001007688403916091,
    "jensenshannon_improvement_pct": 96.47808023889395
  },
  "particle_dim_0": {
    "wasserstein_before": 0.5021111797821582,
    "wasserstein_after": 0.0485553440300668,
    "wasserstein_improvement_pct": 90.32976241414649,
    "jensenshannon_before": 0.03594242152764834,
    "jensenshannon_after": 0.001980733461539764,
    "jensenshannon_improvement_pct": 94.48914853993323
  }
}