{
  "detector_dim_0": {
    "wasserstein_before": 0.49703705642182683,
    "wasserstein_after": 0.009087857304920096,
    "wasserstein_improvement_pct": 98.17159360906737,
    "jensenshannon_before": 0.027444460803821843,
    "jensenshannon_after": 0.00045103295108890124,
    "jensenshannon_improvement_pct": 98.35656107688553,
    "triangular_before": 106.10394490763258,
    "triangular_after": 1.6518739466948673,
    "triangular_improvement_pct": 98.44315501357383
  },
  "particle_dim_0": {
    "wasserstein_before": 0.49761433954722534,
    "wasserstein_after": 0.009562188116719859,
    "wasserstein_improvement_pct": 98.07839377671061,
    "jensenshannon_before": 0.035241608380421605,
    "jensenshannon_after": 0.0006803983914240271,
    "jensenshannon_improvement_pct": 98.06933218234721,
    "triangular_before": 134.95718471447807,
    "triangular_after": 2.3475190292605794,
    "triangular_improvement_pct": 98.26054534686159
  }
}