{
  "detector_dim_0": {
    "wasserstein_before": 0.5167197119528543,
    "wasserstein_after": 0.5284744712734161,
    "wasserstein_improvement_pct": -2.274881149034691,
    "jensenshannon_before": 0.03722480664396405,
    "jensenshannon_after": 0.038630021726630555,
    "jensenshannon_improvement_pct": -3.7749425970339034,
    "triangular_before": 138.95796707419476,
    "triangular_after": 144.24049336066793,
    "triangular_improvement_pct": -3.801528187047132
  },
  "particle_dim_0": {
    "wasserstein_before": 0.5352724226374908,
    "wasserstein_after": 0.5467027245419356,
    "wasserstein_improvement_pct": -2.13541767164529,
    "jensenshannon_before": 0.04925393510515591,
    "jensenshannon_after": 0.051241772221464164,
    "jensenshannon_improvement_pct": -4.035895024558478,
    "triangular_before": 180.40073229287674,
    "triangular_after": 187.5442598530024,
    "triangular_improvement_pct": -3.9598107332115884
  }
}