{
  "detector_dim_0": {
    "wasserstein_before": 0.49912751069817785,
    "wasserstein_after": 0.017834266717898655,
    "wasserstein_improvement_pct": 96.42691169377697,
    "jensenshannon_before": 0.02795195569533524,
    "jensenshannon_after": 0.0008592444203891055,
    "jensenshannon_improvement_pct": 96.92599534088235,
    "triangular_before": 107.85470620784383,
    "triangular_after": 3.218297293892861,
    "triangular_improvement_pct": 97.01608079327482
  },
  "particle_dim_0": {
    "wasserstein_before": 0.49860150173363754,
    "wasserstein_after": 0.04319115382263668,
    "wasserstein_improvement_pct": 91.33754036591125,
    "jensenshannon_before": 0.03567475973900921,
    "jensenshannon_after": 0.007826656109612312,
    "jensenshannon_improvement_pct": 78.06108249397931,
    "triangular_before": 136.33689948990096,
    "triangular_after": 30.745274819242276,
    "triangular_improvement_pct": 77.44904355733885
  },
  "detector_dim_1": {
    "wasserstein_before": 0.4961754700759259,
    "wasserstein_after": 0.016669157853169296,
    "wasserstein_improvement_pct": 96.64047119245566,
    "jensenshannon_before": 0.027650161695753177,
    "jensenshannon_after": 0.0009513101749264334,
    "jensenshannon_improvement_pct": 96.55947699187399,
    "triangular_before": 106.72293168204108,
    "triangular_after": 3.492017314650194,
    "triangular_improvement_pct": 96.72795971811013
  },
  "particle_dim_1": {
    "wasserstein_before": 0.4963343639276668,
    "wasserstein_after": 0.0445730405022223,
    "wasserstein_improvement_pct": 91.01955380451592,
    "jensenshannon_before": 0.035351096878538706,
    "jensenshannon_after": 0.008409532503047759,
    "jensenshannon_improvement_pct": 76.21139583888527,
    "triangular_before": 135.50414529455162,
    "triangular_after": 33.13918855126002,
    "triangular_improvement_pct": 75.54378245829761
  },
  "detector_dim_2": {
    "wasserstein_before": 0.49666178745660217,
    "wasserstein_after": 0.016695544388682107,
    "wasserstein_improvement_pct": 96.6384479719731,
    "jensenshannon_before": 0.027707575123938868,
    "jensenshannon_after": 0.0005935933473261593,
    "jensenshannon_improvement_pct": 97.85764959701109,
    "triangular_before": 106.97593805093037,
    "triangular_after": 2.0933054470184653,
    "triangular_improvement_pct": 98.04319972775386
  },
  "particle_dim_2": {
    "wasserstein_before": 0.4976581172502077,
    "wasserstein_after": 0.044346996017050305,
    "wasserstein_improvement_pct": 91.08886312111454,
    "jensenshannon_before": 0.03563238264605386,
    "jensenshannon_after": 0.007854012134541736,
    "jensenshannon_improvement_pct": 77.95821791498544,
    "triangular_before": 136.3005712642738,
    "triangular_after": 30.891886070367434,
    "triangular_improvement_pct": 77.33546838151469
  },
  "detector_dim_3": {
    "wasserstein_before": 0.5004882938404451,
    "wasserstein_after": 0.015892283445233964,
    "wasserstein_improvement_pct": 96.82464432418865,
    "jensenshannon_before": 0.02803146086146865,
    "jensenshannon_after": 0.0006671255190443458,
    "jensenshannon_improvement_pct": 97.62008294058852,
    "triangular_before": 108.39682019452742,
    "triangular_after": 2.411547937251128,
    "triangular_improvement_pct": 97.77525952059904
  },
  "particle_dim_3": {
    "wasserstein_before": 0.49714447833303665,
    "wasserstein_after": 0.04519948689827577,
    "wasserstein_improvement_pct": 90.90817883569116,
    "jensenshannon_before": 0.035294406681660104,
    "jensenshannon_after": 0.008625041965937106,
    "jensenshannon_improvement_pct": 75.56258122219998,
    "triangular_before": 135.28060262304234,
    "triangular_after": 33.912893259598945,
    "triangular_improvement_pct": 74.93144427061965
  },
  "detector_dim_4": {
    "wasserstein_before": 0.5063448173143866,
    "wasserstein_after": 0.021943931781425976,
    "wasserstein_improvement_pct": 95.66620788224616,
    "jensenshannon_before": 0.028550046802712135,
    "jensenshannon_after": 0.0009369682468907776,
    "jensenshannon_improvement_pct": 96.71815512820186,
    "triangular_before": 110.04848134053907,
    "triangular_after": 3.441967137835387,
    "triangular_improvement_pct": 96.87231745871676
  },
  "particle_dim_4": {
    "wasserstein_before": 0.5043059347939121,
    "wasserstein_after": 0.047194753335788694,
    "wasserstein_improvement_pct": 90.64164228900555,
    "jensenshannon_before": 0.03628170443138972,
    "jensenshannon_after": 0.007703862443545548,
    "jensenshannon_improvement_pct": 78.76653656634603,
    "triangular_before": 138.6560299192017,
    "triangular_after": 30.339412387753747,
    "triangular_improvement_pct": 78.11893762901386
  },
  "detector_dim_5": {
    "wasserstein_before": 0.49452680139153227,
    "wasserstein_after": 0.020183175346702387,
    "wasserstein_improvement_pct": 95.9186892823787,
    "jensenshannon_before": 0.0275136595277005,
    "jensenshannon_after": 0.0009676146616952433,
    "jensenshannon_improvement_pct": 96.48314808605865,
    "triangular_before": 106.15141120055004,
    "triangular_after": 3.5541014997852267,
    "triangular_improvement_pct": 96.65185657016794
  },
  "particle_dim_5": {
    "wasserstein_before": 0.4933116957696931,
    "wasserstein_after": 0.04790435876827501,
    "wasserstein_improvement_pct": 90.28923109282218,
    "jensenshannon_before": 0.035144553924413124,
    "jensenshannon_after": 0.007944759705749918,
    "jensenshannon_improvement_pct": 77.39405165637598,
    "triangular_before": 134.1708478290983,
    "triangular_after": 31.07331118426189,
    "triangular_improvement_pct": 76.84048980308906
  }
}