{
  "detector_dim_0": {
    "wasserstein_before": 0.49912751069817696,
    "wasserstein_after": 0.042422392622382656,
    "wasserstein_improvement_pct": 91.5006903620595,
    "jensenshannon_before": 0.02795195569533524,
    "jensenshannon_after": 0.0016385968115566179,
    "jensenshannon_improvement_pct": 94.13780978541664,
    "triangular_before": 107.85470620784383,
    "triangular_after": 6.33719974650957,
    "triangular_improvement_pct": 94.12431782596735
  },
  "detector_dim_1": {
    "wasserstein_before": 0.49617547007592583,
    "wasserstein_after": 0.011666343663487837,
    "wasserstein_improvement_pct": 97.6487463877038,
    "jensenshannon_before": 0.027650161695753177,
    "jensenshannon_after": 0.002178620475908042,
    "jensenshannon_improvement_pct": 92.1207676834575,
    "triangular_before": 106.72293168204108,
    "triangular_after": 8.31386088760031,
    "triangular_improvement_pct": 92.2098645937035
  },
  "detector_dim_2": {
    "wasserstein_before": 0.4966617874566017,
    "wasserstein_after": 0.032391638509278724,
    "wasserstein_improvement_pct": 93.47812951844838,
    "jensenshannon_before": 0.027707575123938868,
    "jensenshannon_after": 0.002220301390270754,
    "jensenshannon_improvement_pct": 91.98666292398698,
    "triangular_before": 106.97593805093037,
    "triangular_after": 7.435321932213984,
    "triangular_improvement_pct": 93.04953799173596
  },
  "detector_dim_3": {
    "wasserstein_before": 0.5004882938404444,
    "wasserstein_after": 0.033693962303344926,
    "wasserstein_improvement_pct": 93.26778214035781,
    "jensenshannon_before": 0.02803146086146865,
    "jensenshannon_after": 0.0020293632602804918,
    "jensenshannon_improvement_pct": 92.76040849133909,
    "triangular_before": 108.39682019452742,
    "triangular_after": 7.6718141257347705,
    "triangular_improvement_pct": 92.92247308365039
  },
  "detector_dim_4": {
    "wasserstein_before": 0.5063448173143875,
    "wasserstein_after": 0.027542645800509642,
    "wasserstein_improvement_pct": 94.56049615623724,
    "jensenshannon_before": 0.028550046802712135,
    "jensenshannon_after": 0.002157029589296948,
    "jensenshannon_improvement_pct": 92.44474237046771,
    "triangular_before": 110.04848134053907,
    "triangular_after": 8.186264079938255,
    "triangular_improvement_pct": 92.56122030925052
  },
  "detector_dim_5": {
    "wasserstein_before": 0.4945268013915313,
    "wasserstein_after": 0.04399585567891756,
    "wasserstein_improvement_pct": 91.10344362426481,
    "jensenshannon_before": 0.0275136595277005,
    "jensenshannon_after": 0.0031219413712138965,
    "jensenshannon_improvement_pct": 88.65312203172844,
    "triangular_before": 106.15141120055004,
    "triangular_after": 11.475286229225613,
    "triangular_improvement_pct": 89.18969978878043
  },
  "particle_dim_0": {
    "wasserstein_before": 0.498601501733638,
    "wasserstein_after": 0.045111032687520314,
    "wasserstein_improvement_pct": 90.95248760168808,
    "jensenshannon_before": 0.0356747597390092,
    "jensenshannon_after": 0.0024501538492570033,
    "jensenshannon_improvement_pct": 93.13196818371887,
    "triangular_before": 136.33689948990096,
    "triangular_after": 9.247589879379225,
    "triangular_improvement_pct": 93.21710416330524
  },
  "particle_dim_1": {
    "wasserstein_before": 0.49633436392766694,
    "wasserstein_after": 0.011840502067816004,
    "wasserstein_improvement_pct": 97.61441017822784,
    "jensenshannon_before": 0.035351096878538706,
    "jensenshannon_after": 0.0017619988037428688,
    "jensenshannon_improvement_pct": 95.01571674056723,
    "triangular_before": 135.50414529455162,
    "triangular_after": 6.6523311582643005,
    "triangular_improvement_pct": 95.09068069924811
  },
  "particle_dim_2": {
    "wasserstein_before": 0.4976581172502067,
    "wasserstein_after": 0.033258804868279014,
    "wasserstein_improvement_pct": 93.3169371270282,
    "jensenshannon_before": 0.03563238264605386,
    "jensenshannon_after": 0.003055437504301574,
    "jensenshannon_improvement_pct": 91.42511031425525,
    "triangular_before": 136.3005712642738,
    "triangular_after": 10.648244743625318,
    "triangular_improvement_pct": 92.18767416390399
  },
  "particle_dim_3": {
    "wasserstein_before": 0.49714447833303754,
    "wasserstein_after": 0.02861320404424644,
    "wasserstein_improvement_pct": 94.24448921967542,
    "jensenshannon_before": 0.035294406681660104,
    "jensenshannon_after": 0.00217316116650534,
    "jensenshannon_improvement_pct": 93.84276045180108,
    "triangular_before": 135.28060262304234,
    "triangular_after": 8.086282247235044,
    "triangular_improvement_pct": 94.02258558104789
  },
  "particle_dim_4": {
    "wasserstein_before": 0.5043059347939115,
    "wasserstein_after": 0.03021965117109294,
    "wasserstein_improvement_pct": 94.0076748881723,
    "jensenshannon_before": 0.03628170443138972,
    "jensenshannon_after": 0.00230605389697407,
    "jensenshannon_improvement_pct": 93.64403097066479,
    "triangular_before": 138.6560299192017,
    "triangular_after": 8.723142490756713,
    "triangular_improvement_pct": 93.70878966039926
  },
  "particle_dim_5": {
    "wasserstein_before": 0.49331169576969375,
    "wasserstein_after": 0.03780768854941658,
    "wasserstein_improvement_pct": 92.335943203125,
    "jensenshannon_before": 0.035144553924413124,
    "jensenshannon_after": 0.002564642199540601,
    "jensenshannon_improvement_pct": 92.7025899800678,
    "triangular_before": 134.1708478290983,
    "triangular_after": 9.54648522285978,
    "triangular_improvement_pct": 92.8848290240964
  }
}