{
  "detector_dim_0": {
    "wasserstein_before": 0.4963445650587345,
    "wasserstein_after": 0.02246566409836973,
    "wasserstein_improvement_pct": 95.47377654962106,
    "jensenshannon_before": 0.02770224688847373,
    "jensenshannon_after": 0.0012397969652362913,
    "jensenshannon_improvement_pct": 95.52456170711501
  },
  "detector_dim_1": {
    "wasserstein_before": 0.4864753776692734,
    "wasserstein_after": 0.008301378136541875,
    "wasserstein_improvement_pct": 98.29356663921735,
    "jensenshannon_before": 0.026792654924885397,
    "jensenshannon_after": 0.0010877370856851069,
    "jensenshannon_improvement_pct": 95.94016685268916
  },
  "detector_dim_2": {
    "wasserstein_before": 0.5010847689021837,
    "wasserstein_after": 0.016622771375670326,
    "wasserstein_improvement_pct": 96.68264285659913,
    "jensenshannon_before": 0.02803974837843579,
    "jensenshannon_after": 0.001002286290339574,
    "jensenshannon_improvement_pct": 96.42548044007987
  },
  "detector_dim_3": {
    "wasserstein_before": 0.49707852397813,
    "wasserstein_after": 0.02155520954003726,
    "wasserstein_improvement_pct": 95.66362083649672,
    "jensenshannon_before": 0.027714687571792834,
    "jensenshannon_after": 0.0008593715892102843,
    "jensenshannon_improvement_pct": 96.89921963946321
  },
  "detector_dim_4": {
    "wasserstein_before": 0.49600752916214713,
    "wasserstein_after": 0.07240077705531178,
    "wasserstein_improvement_pct": 85.40329071665289,
    "jensenshannon_before": 0.027816389105403794,
    "jensenshannon_after": 0.001755960747207954,
    "jensenshannon_improvement_pct": 93.68731599002967
  },
  "detector_dim_5": {
    "wasserstein_before": 0.4902801496619181,
    "wasserstein_after": 0.054344685764130436,
    "wasserstein_improvement_pct": 88.91558514012758,
    "jensenshannon_before": 0.027135085389511003,
    "jensenshannon_after": 0.0015426191061835124,
    "jensenshannon_improvement_pct": 94.31503868869413
  },
  "particle_dim_0": {
    "wasserstein_before": 0.49712132487522476,
    "wasserstein_after": 0.018834307744766604,
    "wasserstein_improvement_pct": 96.21132572627135,
    "jensenshannon_before": 0.035445120771727984,
    "jensenshannon_after": 0.0009880154944328743,
    "jensenshannon_improvement_pct": 97.21254865854219
  },
  "particle_dim_1": {
    "wasserstein_before": 0.4897348383795721,
    "wasserstein_after": 0.012218744047093479,
    "wasserstein_improvement_pct": 97.50502862170829,
    "jensenshannon_before": 0.034934751654078465,
    "jensenshannon_after": 0.0015119992401647455,
    "jensenshannon_improvement_pct": 95.67193362318285
  },
  "particle_dim_2": {
    "wasserstein_before": 0.5011599127721365,
    "wasserstein_after": 0.02103714445391429,
    "wasserstein_improvement_pct": 95.80230901997956,
    "jensenshannon_before": 0.035989081706115006,
    "jensenshannon_after": 0.0013984598733135544,
    "jensenshannon_improvement_pct": 96.11421073554112
  },
  "particle_dim_3": {
    "wasserstein_before": 0.4966183102428648,
    "wasserstein_after": 0.026972254575052673,
    "wasserstein_improvement_pct": 94.56881592588437,
    "jensenshannon_before": 0.03553473419102232,
    "jensenshannon_after": 0.0015158819027482453,
    "jensenshannon_improvement_pct": 95.7340840243819
  },
  "particle_dim_4": {
    "wasserstein_before": 0.4955205077803761,
    "wasserstein_after": 0.07696168689280079,
    "wasserstein_improvement_pct": 84.46851630065902,
    "jensenshannon_before": 0.03539521925793388,
    "jensenshannon_after": 0.0022362398110334805,
    "jensenshannon_improvement_pct": 93.68208515749701
  },
  "particle_dim_5": {
    "wasserstein_before": 0.4889131172916785,
    "wasserstein_after": 0.05677503859704436,
    "wasserstein_improvement_pct": 88.38749941675769,
    "jensenshannon_before": 0.03463346336157776,
    "jensenshannon_after": 0.0020505760562426127,
    "jensenshannon_improvement_pct": 94.07920589738792
  }
}