{
  "detector_dim_0": {
    "wasserstein_before": 0.5008602166991163,
    "wasserstein_after": 0.012770895994735304,
    "wasserstein_improvement_pct": 97.45020754914395,
    "jensenshannon_before": 0.028207835916692684,
    "jensenshannon_after": 0.0011838448327181643,
    "jensenshannon_improvement_pct": 95.80313485864545,
    "triangular_before": 108.98439484976821,
    "triangular_after": 4.296632610045527,
    "triangular_improvement_pct": 96.05757079628849
  },
  "detector_dim_1": {
    "wasserstein_before": 0.5007547255204368,
    "wasserstein_after": 0.010313643256616288,
    "wasserstein_improvement_pct": 97.94038024386144,
    "jensenshannon_before": 0.027969960761809222,
    "jensenshannon_after": 0.0010686807876388632,
    "jensenshannon_improvement_pct": 96.17918381530923,
    "triangular_before": 108.14893128547939,
    "triangular_after": 4.099000913617703,
    "triangular_improvement_pct": 96.20985536805942
  },
  "detector_dim_2": {
    "wasserstein_before": 0.5096211969836585,
    "wasserstein_after": 0.008132092430881784,
    "wasserstein_improvement_pct": 98.40428685482199,
    "jensenshannon_before": 0.028692414990539598,
    "jensenshannon_after": 0.0006658146551705415,
    "jensenshannon_improvement_pct": 97.67947502714543,
    "triangular_before": 111.0200726009608,
    "triangular_after": 2.492560459312566,
    "triangular_improvement_pct": 97.75485603556433
  },
  "detector_dim_3": {
    "wasserstein_before": 0.49435525516897555,
    "wasserstein_after": 0.020057195920129823,
    "wasserstein_improvement_pct": 95.94275660865098,
    "jensenshannon_before": 0.027419186426452843,
    "jensenshannon_after": 0.001293112567226593,
    "jensenshannon_improvement_pct": 95.28391343523215,
    "triangular_before": 106.00629796231802,
    "triangular_after": 4.691985779114058,
    "triangular_improvement_pct": 95.5738612994655
  },
  "particle_dim_0": {
    "wasserstein_before": 0.5020314204911549,
    "wasserstein_after": 0.012991376895087753,
    "wasserstein_improvement_pct": 97.41223828532927,
    "jensenshannon_before": 0.0363301435514107,
    "jensenshannon_after": 0.0012719146649836797,
    "jensenshannon_improvement_pct": 96.49901007634666,
    "triangular_before": 138.9649991961949,
    "triangular_after": 4.635562219489168,
    "triangular_improvement_pct": 96.66422318835511
  },
  "particle_dim_1": {
    "wasserstein_before": 0.5062576150183385,
    "wasserstein_after": 0.007196188435155121,
    "wasserstein_improvement_pct": 98.57855206091183,
    "jensenshannon_before": 0.03650419122443051,
    "jensenshannon_after": 0.001397900740824628,
    "jensenshannon_improvement_pct": 96.17057468215026,
    "triangular_before": 139.6220347081849,
    "triangular_after": 5.209677030687043,
    "triangular_improvement_pct": 96.26872861323396
  },
  "particle_dim_2": {
    "wasserstein_before": 0.5090972693390868,
    "wasserstein_after": 0.007671386403004955,
    "wasserstein_improvement_pct": 98.49313935371053,
    "jensenshannon_before": 0.03682158478385453,
    "jensenshannon_after": 0.0011206497790652423,
    "jensenshannon_improvement_pct": 96.95654115475057,
    "triangular_before": 140.79005016975677,
    "triangular_after": 3.9984723058829506,
    "triangular_improvement_pct": 97.15997522476779
  },
  "particle_dim_3": {
    "wasserstein_before": 0.49509914752210116,
    "wasserstein_after": 0.015837097181531194,
    "wasserstein_improvement_pct": 96.80122713585884,
    "jensenshannon_before": 0.03540372247585747,
    "jensenshannon_after": 0.0013299178030975994,
    "jensenshannon_improvement_pct": 96.24356505448122,
    "triangular_before": 135.43497643299392,
    "triangular_after": 4.757225614703209,
    "triangular_improvement_pct": 96.4874467881221
  }
}