{
  "detector_dim_0": {
    "wasserstein_before": 0.5007704056811577,
    "wasserstein_after": 0.012872309361382926,
    "wasserstein_improvement_pct": 97.42949878520201,
    "jensenshannon_before": 0.028098414380549226,
    "jensenshannon_after": 0.0007864024299260922,
    "jensenshannon_improvement_pct": 97.20125691337775
  },
  "detector_dim_1": {
    "wasserstein_before": 0.4931043984983393,
    "wasserstein_after": 0.014612564569625659,
    "wasserstein_improvement_pct": 97.03661849009548,
    "jensenshannon_before": 0.027326100878328402,
    "jensenshannon_after": 0.0007729850047273981,
    "jensenshannon_improvement_pct": 97.17125758933126
  },
  "detector_dim_2": {
    "wasserstein_before": 0.5079632601885307,
    "wasserstein_after": 0.02349853483551906,
    "wasserstein_improvement_pct": 95.37396960032157,
    "jensenshannon_before": 0.028786366348460622,
    "jensenshannon_after": 0.0008019395318465322,
    "jensenshannon_improvement_pct": 97.21416895019327
  },
  "detector_dim_3": {
    "wasserstein_before": 0.49693343277177265,
    "wasserstein_after": 0.02247038725878475,
    "wasserstein_improvement_pct": 95.47818967754887,
    "jensenshannon_before": 0.027742060924338122,
    "jensenshannon_after": 0.0009116015991564114,
    "jensenshannon_improvement_pct": 96.71400909383534
  },
  "particle_dim_0": {
    "wasserstein_before": 0.5021472856401807,
    "wasserstein_after": 0.01851969893110969,
    "wasserstein_improvement_pct": 96.3118990262988,
    "jensenshannon_before": 0.03595934876923195,
    "jensenshannon_after": 0.001027135623954734,
    "jensenshannon_improvement_pct": 97.14362006234778
  },
  "particle_dim_1": {
    "wasserstein_before": 0.49841547603643244,
    "wasserstein_after": 0.013643082788728176,
    "wasserstein_improvement_pct": 97.26270883536311,
    "jensenshannon_before": 0.035650242038971096,
    "jensenshannon_after": 0.0009867174417763898,
    "jensenshannon_improvement_pct": 97.23222793074517
  },
  "particle_dim_2": {
    "wasserstein_before": 0.5043219245663618,
    "wasserstein_after": 0.018873447070145388,
    "wasserstein_improvement_pct": 96.25765881854659,
    "jensenshannon_before": 0.036372260265470295,
    "jensenshannon_after": 0.001156767635801423,
    "jensenshannon_improvement_pct": 96.81964324636819
  },
  "particle_dim_3": {
    "wasserstein_before": 0.4967833966315707,
    "wasserstein_after": 0.026672049340494428,
    "wasserstein_improvement_pct": 94.63105057025986,
    "jensenshannon_before": 0.03548241819708359,
    "jensenshannon_after": 0.0013837114320554593,
    "jensenshannon_improvement_pct": 96.10028993973924
  }
}