{
  "detector_dim_0": {
    "wasserstein_before": 0.5006920158702397,
    "wasserstein_after": 0.01924739295485285,
    "wasserstein_improvement_pct": 96.15584184593008,
    "jensenshannon_before": 0.028186693274891986,
    "jensenshannon_after": 0.0008899264213585258,
    "jensenshannon_improvement_pct": 96.84274273438363,
    "triangular_before": 108.79223531450072,
    "triangular_after": 3.3217070035359915,
    "triangular_improvement_pct": 96.94674257410607
  },
  "particle_dim_0": {
    "wasserstein_before": 0.5019120965980644,
    "wasserstein_after": 0.045874371402924774,
    "wasserstein_improvement_pct": 90.86007854485696,
    "jensenshannon_before": 0.03613797648595234,
    "jensenshannon_after": 0.0075050500381391065,
    "jensenshannon_improvement_pct": 79.23223498400225,
    "triangular_before": 138.27278940330294,
    "triangular_after": 29.407872458475733,
    "triangular_improvement_pct": 78.73198871203702
  },
  "detector_dim_1": {
    "wasserstein_before": 0.49257902951019994,
    "wasserstein_after": 0.025065956791110414,
    "wasserstein_improvement_pct": 94.91128219241591,
    "jensenshannon_before": 0.02778336783121094,
    "jensenshannon_after": 0.0013354061723636604,
    "jensenshannon_improvement_pct": 95.19350504778075,
    "triangular_before": 107.13060487836947,
    "triangular_after": 4.920000512524581,
    "triangular_improvement_pct": 95.40747434581323
  },
  "particle_dim_1": {
    "wasserstein_before": 0.49333504933549543,
    "wasserstein_after": 0.04743776617967216,
    "wasserstein_improvement_pct": 90.38427003239094,
    "jensenshannon_before": 0.03573847281567273,
    "jensenshannon_after": 0.008888527117177695,
    "jensenshannon_improvement_pct": 75.12896770093734,
    "triangular_before": 136.38209701755568,
    "triangular_after": 34.467441071361755,
    "triangular_improvement_pct": 74.72729791878405
  },
  "detector_dim_2": {
    "wasserstein_before": 0.501362436949681,
    "wasserstein_after": 0.015062115115355053,
    "wasserstein_improvement_pct": 96.99576314352669,
    "jensenshannon_before": 0.028130647022269924,
    "jensenshannon_after": 0.0010116253650480874,
    "jensenshannon_improvement_pct": 96.40383186263998,
    "triangular_before": 108.67104520422883,
    "triangular_after": 3.7536981000731897,
    "triangular_improvement_pct": 96.5458157754729
  },
  "particle_dim_2": {
    "wasserstein_before": 0.5008219234958848,
    "wasserstein_after": 0.04468659532655512,
    "wasserstein_improvement_pct": 91.077348408666,
    "jensenshannon_before": 0.03597289751411072,
    "jensenshannon_after": 0.009063600546199731,
    "jensenshannon_improvement_pct": 74.80436336093182,
    "triangular_before": 137.46576067945622,
    "triangular_after": 35.13315922409393,
    "triangular_improvement_pct": 74.44224725455983
  },
  "detector_dim_3": {
    "wasserstein_before": 0.495269234164497,
    "wasserstein_after": 0.024374670168394178,
    "wasserstein_improvement_pct": 95.07850104811912,
    "jensenshannon_before": 0.027860999444586712,
    "jensenshannon_after": 0.000813730361054477,
    "jensenshannon_improvement_pct": 97.07932099610095,
    "triangular_before": 107.56514482996064,
    "triangular_after": 3.0665037092454783,
    "triangular_improvement_pct": 97.14916601089226
  },
  "particle_dim_3": {
    "wasserstein_before": 0.4957510062045757,
    "wasserstein_after": 0.04765569453275332,
    "wasserstein_improvement_pct": 90.38717139525325,
    "jensenshannon_before": 0.03566221749791418,
    "jensenshannon_after": 0.007824259733180005,
    "jensenshannon_improvement_pct": 78.06008632627056,
    "triangular_before": 136.25543023972094,
    "triangular_after": 30.652961301908604,
    "triangular_improvement_pct": 77.50331032827145
  },
  "detector_dim_4": {
    "wasserstein_before": 0.5073211993397813,
    "wasserstein_after": 0.014687105828607865,
    "wasserstein_improvement_pct": 97.10496903190298,
    "jensenshannon_before": 0.028734916004265216,
    "jensenshannon_after": 0.0007777373157406136,
    "jensenshannon_improvement_pct": 97.2934066846579,
    "triangular_before": 110.89237668516202,
    "triangular_after": 2.885648757707329,
    "triangular_improvement_pct": 97.39779338853918
  },
  "particle_dim_4": {
    "wasserstein_before": 0.5066682082355667,
    "wasserstein_after": 0.044282083945132625,
    "wasserstein_improvement_pct": 91.26014160246177,
    "jensenshannon_before": 0.03670719303814644,
    "jensenshannon_after": 0.008125544912470624,
    "jensenshannon_improvement_pct": 77.86388922730625,
    "triangular_before": 140.31471218222285,
    "triangular_after": 32.032042989790966,
    "triangular_improvement_pct": 77.17128696512464
  }
}