{
  "detector_dim_0": {
    "wasserstein_before": 0.5006920158702396,
    "wasserstein_after": 0.013348554679254714,
    "wasserstein_improvement_pct": 97.33397892194188,
    "jensenshannon_before": 0.028186693274891986,
    "jensenshannon_after": 0.002021895753372409,
    "jensenshannon_improvement_pct": 92.8267720741352,
    "triangular_before": 108.79223531450072,
    "triangular_after": 7.484018841038272,
    "triangular_improvement_pct": 93.12081526829265
  },
  "detector_dim_1": {
    "wasserstein_before": 0.4925790295102006,
    "wasserstein_after": 0.028212965256481797,
    "wasserstein_improvement_pct": 94.27239822114726,
    "jensenshannon_before": 0.02778336783121094,
    "jensenshannon_after": 0.0013506517302609346,
    "jensenshannon_improvement_pct": 95.13863208209173,
    "triangular_before": 107.13060487836947,
    "triangular_after": 5.098582371782891,
    "triangular_improvement_pct": 95.24077888146756
  },
  "detector_dim_2": {
    "wasserstein_before": 0.5013624369496794,
    "wasserstein_after": 0.031058635731031292,
    "wasserstein_improvement_pct": 93.80515303061115,
    "jensenshannon_before": 0.028130647022269924,
    "jensenshannon_after": 0.0008579724156615376,
    "jensenshannon_improvement_pct": 96.95004379038166,
    "triangular_before": 108.67104520422883,
    "triangular_after": 3.250866574890027,
    "triangular_improvement_pct": 97.00852552878223
  },
  "detector_dim_3": {
    "wasserstein_before": 0.4952692341644977,
    "wasserstein_after": 0.01938966235967183,
    "wasserstein_improvement_pct": 96.08502587640406,
    "jensenshannon_before": 0.027860999444586712,
    "jensenshannon_after": 0.001159881647967101,
    "jensenshannon_improvement_pct": 95.83689863576498,
    "triangular_before": 107.56514482996064,
    "triangular_after": 4.41984347824556,
    "triangular_improvement_pct": 95.89100773746694
  },
  "detector_dim_4": {
    "wasserstein_before": 0.5073211993397801,
    "wasserstein_after": 0.011162438207600652,
    "wasserstein_improvement_pct": 97.7997295949534,
    "jensenshannon_before": 0.028734916004265216,
    "jensenshannon_after": 0.001534370765781293,
    "jensenshannon_improvement_pct": 94.66025665238227,
    "triangular_before": 110.89237668516202,
    "triangular_after": 5.567774812516392,
    "triangular_improvement_pct": 94.97911851206506
  },
  "particle_dim_0": {
    "wasserstein_before": 0.5019120965980632,
    "wasserstein_after": 0.011344405492301098,
    "wasserstein_improvement_pct": 97.73976248646069,
    "jensenshannon_before": 0.03613797648595234,
    "jensenshannon_after": 0.0014112567902347878,
    "jensenshannon_improvement_pct": 96.09480959515435,
    "triangular_before": 138.27278940330294,
    "triangular_after": 5.1776799157286595,
    "triangular_improvement_pct": 96.25545999464377
  },
  "particle_dim_1": {
    "wasserstein_before": 0.4933350493354963,
    "wasserstein_after": 0.027906253953639864,
    "wasserstein_improvement_pct": 94.34334657729497,
    "jensenshannon_before": 0.03573847281567273,
    "jensenshannon_after": 0.001264162229778225,
    "jensenshannon_improvement_pct": 96.4627413255783,
    "triangular_before": 136.38209701755568,
    "triangular_after": 4.4566268725122935,
    "triangular_improvement_pct": 96.7322493421269
  },
  "particle_dim_2": {
    "wasserstein_before": 0.5008219234958834,
    "wasserstein_after": 0.03343797146177439,
    "wasserstein_improvement_pct": 93.32338104762515,
    "jensenshannon_before": 0.03597289751411072,
    "jensenshannon_after": 0.001474441655820058,
    "jensenshannon_improvement_pct": 95.90124299761594,
    "triangular_before": 137.46576067945622,
    "triangular_after": 5.295243595683513,
    "triangular_improvement_pct": 96.14795453827153
  },
  "particle_dim_3": {
    "wasserstein_before": 0.49575100620457563,
    "wasserstein_after": 0.023172538777716203,
    "wasserstein_improvement_pct": 95.3257707018846,
    "jensenshannon_before": 0.03566221749791418,
    "jensenshannon_after": 0.001626327884398602,
    "jensenshannon_improvement_pct": 95.43963331923001,
    "triangular_before": 136.25543023972094,
    "triangular_after": 5.888539211021559,
    "triangular_improvement_pct": 95.67830859976621
  },
  "particle_dim_4": {
    "wasserstein_before": 0.5066682082355679,
    "wasserstein_after": 0.011277976247177697,
    "wasserstein_improvement_pct": 97.77409040791166,
    "jensenshannon_before": 0.03670719303814644,
    "jensenshannon_after": 0.0010473854527361568,
    "jensenshannon_improvement_pct": 97.14664792906473,
    "triangular_before": 140.31471218222285,
    "triangular_after": 3.9241382714090625,
    "triangular_improvement_pct": 97.20333084793496
  }
}