{
  "detector_dim_0": {
    "wasserstein_before": 0.5041330714633763,
    "wasserstein_after": 0.007730029163684134,
    "wasserstein_improvement_pct": 98.46666890127923,
    "jensenshannon_before": 0.028311925170778737,
    "jensenshannon_after": 0.0007321250934841649,
    "jensenshannon_improvement_pct": 97.41407520305329
  },
  "detector_dim_1": {
    "wasserstein_before": 0.494459799893569,
    "wasserstein_after": 0.03695340768776013,
    "wasserstein_improvement_pct": 92.52650919332285,
    "jensenshannon_before": 0.027431805050752135,
    "jensenshannon_after": 0.0008255769387840888,
    "jensenshannon_improvement_pct": 96.99043888195956
  },
  "detector_dim_2": {
    "wasserstein_before": 0.4931110997983063,
    "wasserstein_after": 0.014463080905523328,
    "wasserstein_improvement_pct": 97.06697316052325,
    "jensenshannon_before": 0.02733329022319228,
    "jensenshannon_after": 0.0006373199378889529,
    "jensenshannon_improvement_pct": 97.66833801315222
  },
  "detector_dim_3": {
    "wasserstein_before": 0.4918618001179201,
    "wasserstein_after": 0.016102850216338574,
    "wasserstein_improvement_pct": 96.72614335724424,
    "jensenshannon_before": 0.02721665902703224,
    "jensenshannon_after": 0.0008188833825643582,
    "jensenshannon_improvement_pct": 96.9912420854043
  },
  "detector_dim_4": {
    "wasserstein_before": 0.5023922310206537,
    "wasserstein_after": 0.020511534017168112,
    "wasserstein_improvement_pct": 95.91722706867955,
    "jensenshannon_before": 0.028090321987008494,
    "jensenshannon_after": 0.0006543619716454317,
    "jensenshannon_improvement_pct": 97.67050740127483
  },
  "particle_dim_0": {
    "wasserstein_before": 0.5047078765693076,
    "wasserstein_after": 0.013205732599515012,
    "wasserstein_improvement_pct": 97.38348989334594,
    "jensenshannon_before": 0.03668119556865509,
    "jensenshannon_after": 0.0013407877697604925,
    "jensenshannon_improvement_pct": 96.34475444713632
  },
  "particle_dim_1": {
    "wasserstein_before": 0.4959768431821138,
    "wasserstein_after": 0.038466162355903256,
    "wasserstein_improvement_pct": 92.24436324302762,
    "jensenshannon_before": 0.035202940522577476,
    "jensenshannon_after": 0.0012223350801980136,
    "jensenshannon_improvement_pct": 96.52774722209905
  },
  "particle_dim_2": {
    "wasserstein_before": 0.49479154419544624,
    "wasserstein_after": 0.017652705251668316,
    "wasserstein_improvement_pct": 96.43229447658156,
    "jensenshannon_before": 0.03556468364800033,
    "jensenshannon_after": 0.0011834457931552546,
    "jensenshannon_improvement_pct": 96.6724129901777
  },
  "particle_dim_3": {
    "wasserstein_before": 0.4924793360582208,
    "wasserstein_after": 0.015958735216468904,
    "wasserstein_improvement_pct": 96.75951170983096,
    "jensenshannon_before": 0.03485631332358228,
    "jensenshannon_after": 0.0011623556566660149,
    "jensenshannon_improvement_pct": 96.66529375646961
  },
  "particle_dim_4": {
    "wasserstein_before": 0.5036424256563572,
    "wasserstein_after": 0.02139770363053984,
    "wasserstein_improvement_pct": 95.75140962307654,
    "jensenshannon_before": 0.036317404599231114,
    "jensenshannon_after": 0.0012469551870680866,
    "jensenshannon_improvement_pct": 96.56650798472948
  }
}