{
  "detector_dim_0": {
    "wasserstein_before": 0.4955572764303612,
    "wasserstein_after": 0.007823919478577027,
    "wasserstein_improvement_pct": 98.42118765061126,
    "jensenshannon_before": 0.027415965552577595,
    "jensenshannon_after": 0.0005754718462996546,
    "jensenshannon_improvement_pct": 97.90096086458809,
    "triangular_before": 106.05035798726284,
    "triangular_after": 2.143570218283319,
    "triangular_improvement_pct": 97.9787242033254
  },
  "detector_dim_1": {
    "wasserstein_before": 0.49438903936338385,
    "wasserstein_after": 0.00783914042917279,
    "wasserstein_improvement_pct": 98.41437819105636,
    "jensenshannon_before": 0.027527825718280986,
    "jensenshannon_after": 0.0007387842955128566,
    "jensenshannon_improvement_pct": 97.31622721288069,
    "triangular_before": 106.2975938729089,
    "triangular_after": 2.786727494794521,
    "triangular_improvement_pct": 97.37837199012577
  },
  "particle_dim_0": {
    "wasserstein_before": 0.49497562617211827,
    "wasserstein_after": 0.009500357707364234,
    "wasserstein_improvement_pct": 98.08064130736396,
    "jensenshannon_before": 0.03509261775013344,
    "jensenshannon_after": 0.0006921036195362984,
    "jensenshannon_improvement_pct": 98.02778001782535,
    "triangular_before": 134.29214504815891,
    "triangular_after": 2.4635363497572738,
    "triangular_improvement_pct": 98.16553950428461
  },
  "particle_dim_1": {
    "wasserstein_before": 0.4945692666775351,
    "wasserstein_after": 0.00783422524931298,
    "wasserstein_improvement_pct": 98.41594984218439,
    "jensenshannon_before": 0.03519542068374216,
    "jensenshannon_after": 0.0006000174633768959,
    "jensenshannon_improvement_pct": 98.29518314678346,
    "triangular_before": 134.645083410127,
    "triangular_after": 2.160847075956235,
    "triangular_improvement_pct": 98.3951533756533
  }
}