{
  "detector_dim_0": {
    "wasserstein_before": 0.49791067830045577,
    "wasserstein_after": 0.017137690406606836,
    "wasserstein_improvement_pct": 96.55807935971492,
    "jensenshannon_before": 0.027763973781065737,
    "jensenshannon_after": 0.0008707251603849626,
    "jensenshannon_improvement_pct": 96.86383092257934
  },
  "detector_dim_1": {
    "wasserstein_before": 0.49156537714478826,
    "wasserstein_after": 0.018300789617276055,
    "wasserstein_improvement_pct": 96.27703852464661,
    "jensenshannon_before": 0.027147950107531012,
    "jensenshannon_after": 0.0007894782634595049,
    "jensenshannon_improvement_pct": 97.09194152658878
  },
  "particle_dim_0": {
    "wasserstein_before": 0.497245862056254,
    "wasserstein_after": 0.021204120995523244,
    "wasserstein_improvement_pct": 95.73568678724884,
    "jensenshannon_before": 0.03531031740169291,
    "jensenshannon_after": 0.001278881639636942,
    "jensenshannon_improvement_pct": 96.3781644183815
  },
  "particle_dim_1": {
    "wasserstein_before": 0.49037668011159724,
    "wasserstein_after": 0.025670670061036537,
    "wasserstein_improvement_pct": 94.7651119838744,
    "jensenshannon_before": 0.03460059447024021,
    "jensenshannon_after": 0.0010629737464994701,
    "jensenshannon_improvement_pct": 96.92787432477864
  }
}