{
  "detector_m": {
    "wasserstein_before": 0.20734120517186302,
    "wasserstein_after": 0.006371496623567334,
    "wasserstein_improvement_pct": 96.92704755994542,
    "jensenshannon_before": 0.00689899124804445,
    "jensenshannon_after": 0.0002538836161888937,
    "jensenshannon_improvement_pct": 96.31998929900283,
    "triangular_before": 27.36586467846386,
    "triangular_after": 0.8748816531419439,
    "triangular_improvement_pct": 96.80301841940171
  },
  "detector_M": {
    "wasserstein_before": 0.2253839167918794,
    "wasserstein_after": 0.006437011838246196,
    "wasserstein_improvement_pct": 97.14397906919412,
    "jensenshannon_before": 0.009896940243436528,
    "jensenshannon_after": 0.00042904857326766626,
    "jensenshannon_improvement_pct": 95.66483617447116,
    "triangular_before": 39.10382185477394,
    "triangular_after": 1.516088301988165,
    "triangular_improvement_pct": 96.12291528020278
  },
  "detector_w": {
    "wasserstein_before": 0.2643394750771083,
    "wasserstein_after": 0.0066138558695139115,
    "wasserstein_improvement_pct": 97.49796890245597,
    "jensenshannon_before": 0.009355583112876906,
    "jensenshannon_after": 0.0004116569581840782,
    "jensenshannon_improvement_pct": 95.59987920349423,
    "triangular_before": 37.13435886804515,
    "triangular_after": 1.6173177443946731,
    "triangular_improvement_pct": 95.6446865014104
  },
  "detector_tau21": {
    "wasserstein_before": 0.12088080432848948,
    "wasserstein_after": 0.0336644560382976,
    "wasserstein_improvement_pct": 72.15070149035773,
    "jensenshannon_before": 0.0034565853773208827,
    "jensenshannon_after": 0.00040415463515084863,
    "jensenshannon_improvement_pct": 88.3076912318567,
    "triangular_before": 13.76509192660686,
    "triangular_after": 1.6091691179620604,
    "triangular_improvement_pct": 88.30978298915926
  },
  "detector_zg": {
    "wasserstein_before": 0.056150007322115225,
    "wasserstein_after": 0.019698822167266507,
    "wasserstein_improvement_pct": 64.91750739361358,
    "jensenshannon_before": 0.0007869921730891492,
    "jensenshannon_after": 0.0002862265481149151,
    "jensenshannon_improvement_pct": 63.63031833068919,
    "triangular_before": 3.1392565236524446,
    "triangular_after": 1.1443393237284387,
    "triangular_improvement_pct": 63.54744140510603
  },
  "detector_sdm": {
    "wasserstein_before": 0.2370567335124565,
    "wasserstein_after": 0.014412657603001094,
    "wasserstein_improvement_pct": 93.920165274595,
    "jensenshannon_before": 0.008665124799684842,
    "jensenshannon_after": 0.0004642459126206706,
    "jensenshannon_improvement_pct": 94.64236322784923,
    "triangular_before": 34.396237622963845,
    "triangular_after": 1.8247347392611444,
    "triangular_improvement_pct": 94.6949583286897
  },
  "particle_m": {
    "wasserstein_before": 0.10884104012065575,
    "wasserstein_after": 0.09347475742349258,
    "wasserstein_improvement_pct": 14.118096152084615,
    "jensenshannon_before": 0.0020370943627067233,
    "jensenshannon_after": 0.0018295660156521841,
    "jensenshannon_improvement_pct": 10.187468526435495,
    "triangular_before": 8.062332275620415,
    "triangular_after": 7.228245922297426,
    "triangular_improvement_pct": 10.345472312585924
  },
  "particle_M": {
    "wasserstein_before": 0.25457336177467704,
    "wasserstein_after": 0.047626398388377796,
    "wasserstein_improvement_pct": 81.29168030136165,
    "jensenshannon_before": 0.007827800980054644,
    "jensenshannon_after": 0.0007089788413675787,
    "jensenshannon_improvement_pct": 90.94280956843349,
    "triangular_before": 30.978623143231385,
    "triangular_after": 2.7205524690470666,
    "triangular_improvement_pct": 91.21796841496653
  },
  "particle_w": {
    "wasserstein_before": 0.28341398876603047,
    "wasserstein_after": 0.008136118560434419,
    "wasserstein_improvement_pct": 97.12924595011748,
    "jensenshannon_before": 0.011631443720427933,
    "jensenshannon_after": 0.00038490335525632747,
    "jensenshannon_improvement_pct": 96.69083765947013,
    "triangular_before": 46.15126456108763,
    "triangular_after": 1.491631096589142,
    "triangular_improvement_pct": 96.76795184102754
  },
  "particle_tau21": {
    "wasserstein_before": 0.25810648934376645,
    "wasserstein_after": 0.036934560349864975,
    "wasserstein_improvement_pct": 85.69018530151227,
    "jensenshannon_before": 0.01054771931584189,
    "jensenshannon_after": 0.0006035526937193675,
    "jensenshannon_improvement_pct": 94.27788438764316,
    "triangular_before": 41.89114647922722,
    "triangular_after": 2.3804650853062532,
    "triangular_improvement_pct": 94.3174983609325
  },
  "particle_zg": {
    "wasserstein_before": 0.1092031816043543,
    "wasserstein_after": 0.04085952704935806,
    "wasserstein_improvement_pct": 62.58394082565004,
    "jensenshannon_before": 0.0020181083895190227,
    "jensenshannon_after": 0.0004696694957741925,
    "jensenshannon_improvement_pct": 76.72724130114096,
    "triangular_before": 7.992646584621354,
    "triangular_after": 1.8751804250516446,
    "triangular_improvement_pct": 76.53867958255933
  },
  "particle_sdm": {
    "wasserstein_before": 0.268764109781579,
    "wasserstein_after": 0.013692218883011304,
    "wasserstein_improvement_pct": 94.90548835030883,
    "jensenshannon_before": 0.010123287796315866,
    "jensenshannon_after": 0.0004688389752829743,
    "jensenshannon_improvement_pct": 95.36870842046397,
    "triangular_before": 40.20002289083289,
    "triangular_after": 1.840264234178019,
    "triangular_improvement_pct": 95.42223087987925
  }
}