{
  "detector_m": {
    "wasserstein_before": 0.20734120517186302,
    "wasserstein_after": 0.023557243726250992,
    "wasserstein_improvement_pct": 88.63841670702905,
    "jensenshannon_before": 0.00689899124804445,
    "jensenshannon_after": 0.00038239147075228074,
    "jensenshannon_improvement_pct": 94.45728430427171
  },
  "detector_M": {
    "wasserstein_before": 0.2253839167918794,
    "wasserstein_after": 0.01750358936657102,
    "wasserstein_improvement_pct": 92.2338782572787,
    "jensenshannon_before": 0.009896940243436528,
    "jensenshannon_after": 0.0005088339454597644,
    "jensenshannon_improvement_pct": 94.85867416652117
  },
  "detector_w": {
    "wasserstein_before": 0.2643394750771083,
    "wasserstein_after": 0.020944626648697274,
    "wasserstein_improvement_pct": 92.07661790105783,
    "jensenshannon_before": 0.009355583112876906,
    "jensenshannon_after": 0.00045124892621033284,
    "jensenshannon_improvement_pct": 95.1766883927391
  },
  "detector_tau21": {
    "wasserstein_before": 0.12088080432848948,
    "wasserstein_after": 0.007674968790210435,
    "wasserstein_improvement_pct": 93.65079606075919,
    "jensenshannon_before": 0.0034565853773208827,
    "jensenshannon_after": 0.0002569264210571316,
    "jensenshannon_improvement_pct": 92.56704542167944
  },
  "detector_zg": {
    "wasserstein_before": 0.056150007322115225,
    "wasserstein_after": 0.007291376359888621,
    "wasserstein_improvement_pct": 87.01446944065341,
    "jensenshannon_before": 0.0007869921730891492,
    "jensenshannon_after": 0.00028212525536143175,
    "jensenshannon_improvement_pct": 64.15145346947776
  },
  "detector_sdm": {
    "wasserstein_before": 0.2370567335124565,
    "wasserstein_after": 0.01683008358391515,
    "wasserstein_improvement_pct": 92.90039842591908,
    "jensenshannon_before": 0.008665124799684842,
    "jensenshannon_after": 0.0004276669224352854,
    "jensenshannon_improvement_pct": 95.06450360125407
  },
  "particle_m": {
    "wasserstein_before": 0.10884104012065575,
    "wasserstein_after": 0.11160519221577045,
    "wasserstein_improvement_pct": -2.539623006221281,
    "jensenshannon_before": 0.0020370943627067233,
    "jensenshannon_after": 0.0023144946321681215,
    "jensenshannon_improvement_pct": -13.617448191885018
  },
  "particle_M": {
    "wasserstein_before": 0.25457336177467704,
    "wasserstein_after": 0.08000257976453032,
    "wasserstein_improvement_pct": 68.5738605143846,
    "jensenshannon_before": 0.007827800980054644,
    "jensenshannon_after": 0.0012739910762563902,
    "jensenshannon_improvement_pct": 83.72478963756822
  },
  "particle_w": {
    "wasserstein_before": 0.28341398876603047,
    "wasserstein_after": 0.030062710986688973,
    "wasserstein_improvement_pct": 89.39265097055356,
    "jensenshannon_before": 0.011631443720427933,
    "jensenshannon_after": 0.0005492962225364898,
    "jensenshannon_improvement_pct": 95.27748888496293
  },
  "particle_tau21": {
    "wasserstein_before": 0.25810648934376645,
    "wasserstein_after": 0.08060460542523218,
    "wasserstein_improvement_pct": 68.77079470951361,
    "jensenshannon_before": 0.01054771931584189,
    "jensenshannon_after": 0.0017025253191929313,
    "jensenshannon_improvement_pct": 83.85882987390588
  },
  "particle_zg": {
    "wasserstein_before": 0.1092031816043543,
    "wasserstein_after": 0.02503218519965783,
    "wasserstein_improvement_pct": 77.07742134258503,
    "jensenshannon_before": 0.0020181083895190227,
    "jensenshannon_after": 0.000347278310637162,
    "jensenshannon_improvement_pct": 82.79189004709855
  },
  "particle_sdm": {
    "wasserstein_before": 0.268764109781579,
    "wasserstein_after": 0.04035842542128123,
    "wasserstein_improvement_pct": 84.9836998496265,
    "jensenshannon_before": 0.010123287796315866,
    "jensenshannon_after": 0.0006333790735125889,
    "jensenshannon_improvement_pct": 93.743346171161
  }
}